,time,left_pwm,right_pwm,left_pressure,right_pressure,left_flex,right_flex,base_pos_x,base_pos_y,tip_pos_x,tip_pos_y
0,0.0,0.0,0.0,101.0,0.0,547.0,0.0,619.8063088420694,393.4792335684103,618.9876651000629,504.95731284173667
1,0.0200042724609375,0.0,0.0,101.0,0.0,548.0,0.0,619.8063088420694,393.4792335684103,618.9876651000629,504.95731284173667
2,0.0500030517578125,0.0,0.0,101.0,0.0,547.0,0.0,619.8063088420694,393.4792335684103,618.9876651000629,504.95731284173667
3,0.07000732421875,0.0,0.0,101.0,0.0,547.0,0.0,619.8063088420694,393.4792335684103,618.9876651000629,504.95731284173667
4,0.100006103515625,0.0,0.0,101.0,0.0,547.0,0.0,619.7579439999088,393.46895361416034,618.961639020632,504.63683285157003
5,0.1199951171875,0.0,0.0,101.0,0.0,548.0,0.0,619.7579439999088,393.46895361416034,618.961639020632,504.63683285157003
6,0.149993896484375,0.0,0.0,101.0,0.0,545.0,0.0,619.7579439999088,393.46895361416034,618.961639020632,504.63683285157003
7,0.1699981689453125,0.0,0.0,101.0,0.0,546.0,0.0,619.7579439999088,393.46895361416034,618.961639020632,504.63683285157003
8,0.1999969482421875,0.0,0.0,101.0,0.0,547.0,0.0,619.7579439999088,393.46895361416034,618.961639020632,504.63683285157003
9,0.220001220703125,0.0,0.0,101.0,0.0,549.0,0.0,619.7579439999088,393.46895361416034,618.961639020632,504.63683285157003
10,0.25,0.0,0.0,101.0,0.0,546.0,0.0,619.7579439999088,393.46895361416034,618.961639020632,504.63683285157003
11,0.2700042724609375,0.0,0.0,100.0,0.0,548.0,0.0,619.7579439999088,393.46895361416034,618.961639020632,504.63683285157003
12,0.3000030517578125,0.0,0.0,101.0,0.0,544.0,0.0,619.7880795656607,393.4519540994675,618.9719155000264,504.9284152315508
13,0.32000732421875,0.0,0.0,101.0,0.0,547.0,0.0,619.7880795656607,393.4519540994675,618.9719155000264,504.9284152315508
14,0.350006103515625,0.0,0.0,101.0,0.0,549.0,0.0,619.7704667669509,393.47867985206415,618.9478930683679,504.98839413368734
15,0.3699951171875,0.0,0.0,101.0,0.0,547.0,0.0,619.8191209813209,393.4132344923513,618.9654660339729,504.9440144184082
16,0.399993896484375,0.0,0.0,101.0,0.0,546.0,0.0,619.8283089531463,393.4059126530223,618.9719155000264,504.9284152315508
17,0.4199981689453125,0.0,0.0,100.0,0.0,544.0,0.0,619.8283089531463,393.4059126530223,618.9719155000264,504.9284152315508
18,0.4499969482421875,0.0,0.0,101.0,0.0,544.0,0.0,619.8063088420694,393.4792335684103,619.0010906201837,504.942135453552
19,0.470001220703125,0.0,0.0,101.0,0.0,545.0,0.0,619.8521022522212,393.54357949421717,618.9876651000629,504.95731284173667
20,0.5,0.0,0.0,101.0,0.0,547.0,0.0,619.8521022522212,393.54357949421717,618.9876651000629,504.95731284173667
21,0.5200042724609375,0.0,0.0,101.0,0.0,547.0,0.0,619.8521022522212,393.54357949421717,618.9876651000629,504.95731284173667
22,0.5500030517578125,0.0,0.0,101.0,0.0,547.0,0.0,619.8521022522212,393.54357949421717,618.9876651000629,504.95731284173667
23,0.57000732421875,0.0,0.0,101.0,0.0,545.0,0.0,619.8521022522212,393.54357949421717,618.9876651000629,504.95731284173667
24,0.600006103515625,0.0,0.0,101.0,0.0,545.0,0.0,619.8521022522212,393.54357949421717,618.9876651000629,504.95731284173667
25,0.6199951171875,0.0,0.0,101.0,0.0,546.0,0.0,619.8521022522212,393.54357949421717,618.9876651000629,504.95731284173667
26,0.649993896484375,0.0,0.0,101.0,0.0,546.0,0.0,619.8521022522212,393.54357949421717,618.9876651000629,504.95731284173667
27,0.6699981689453125,0.0,0.0,100.0,0.0,546.0,0.0,619.871943897564,393.3768324388798,618.9527290395129,504.9536264049469
28,0.6999969482421875,0.0,0.0,101.0,0.0,547.0,0.0,619.871943897564,393.3768324388798,618.9527290395129,504.9536264049469
29,0.720001220703125,0.0,0.0,101.0,0.0,546.0,0.0,619.871943897564,393.3768324388798,618.9527290395129,504.9536264049469
30,0.75,0.0,0.0,100.0,0.0,547.0,0.0,619.8038650677324,393.5152451271437,618.9876651000629,504.95731284173667
31,0.7700042724609375,0.0,0.0,101.0,0.0,547.0,0.0,619.8038650677324,393.5152451271437,618.9876651000629,504.95731284173667
32,0.8000030517578125,0.0,0.0,101.0,0.0,546.0,0.0,619.8038650677324,393.5152451271437,618.9876651000629,504.95731284173667
33,0.82000732421875,0.0,0.0,101.0,0.0,544.0,0.0,619.8233624322584,393.4423674287587,618.9719155000264,504.9284152315508
34,0.850006103515625,0.0,0.0,101.0,0.0,547.0,0.0,619.8233624322584,393.4423674287587,618.9719155000264,504.9284152315508
35,0.8699951171875,0.0,0.0,101.0,0.0,542.0,0.0,619.8233624322584,393.4423674287587,618.9719155000264,504.9284152315508
36,0.899993896484375,0.0,0.0,101.0,0.0,546.0,0.0,619.8233624322584,393.4423674287587,618.9719155000264,504.9284152315508
37,0.9199981689453125,0.0,0.0,101.0,0.0,546.0,0.0,619.8233624322584,393.4423674287587,618.9207082658186,504.667592896146
38,0.9499969482421875,0.0,0.0,101.0,0.0,547.0,0.0,619.7887676766609,393.5059608530009,618.961639020632,504.63683285157003
39,0.970001220703125,0.0,0.0,101.0,0.0,545.0,0.0,619.7887676766609,393.5059608530009,618.961639020632,504.63683285157003
40,1.0,0.0,0.0,101.0,0.0,546.0,0.0,619.7887676766609,393.5059608530009,618.961639020632,504.63683285157003
41,1.0200042724609375,0.0,0.0,101.0,0.0,546.0,0.0,619.7887676766609,393.5059608530009,618.961639020632,504.63683285157003
42,1.0500030517578125,0.0,0.0,101.0,0.0,548.0,0.0,619.7887676766609,393.5059608530009,618.961639020632,504.63683285157003
43,1.07000732421875,0.0,0.0,101.0,0.0,545.0,0.0,619.8191209813209,393.4132344923513,618.9876651000629,504.95731284173667
44,1.100006103515625,0.0,0.0,101.0,0.0,547.0,0.0,619.8191209813209,393.4132344923513,618.9876651000629,504.95731284173667
45,1.1199951171875,0.0,0.0,101.0,0.0,548.0,0.0,619.8191209813209,393.4132344923513,618.9876651000629,504.95731284173667
46,1.149993896484375,0.0,0.0,101.0,0.0,545.0,0.0,619.7880795656607,393.4519540994675,618.9719155000264,504.9284152315508
47,1.1699981689453125,0.0,0.0,101.0,0.0,546.0,0.0,619.7880795656607,393.4519540994675,618.9719155000264,504.9284152315508
48,1.1999969482421875,0.0,0.0,101.0,0.0,546.0,0.0,620.1437059511971,393.3121956302828,619.7878940983281,505.0170160074758
49,1.220001220703125,0.0,0.0,101.0,0.0,545.0,0.0,620.1437059511971,393.3121956302828,619.7878940983281,505.0170160074758
50,1.25,0.0,0.0,101.0,0.0,548.0,0.0,620.1437059511971,393.3121956302828,619.7878940983281,505.0170160074758
51,1.2700042724609375,0.0,0.0,101.0,0.0,542.0,0.0,620.1262395602325,393.33894959156896,619.8037538873535,505.04598928617224
52,1.290008544921875,0.0,0.0,101.0,0.0,544.0,0.0,620.1262395602325,393.33894959156896,619.8037538873535,505.04598928617224
53,1.32000732421875,0.0,0.0,101.0,0.0,546.0,0.0,620.1262395602325,393.33894959156896,619.8037538873535,505.04598928617224
54,1.350006103515625,0.0,0.0,101.0,0.0,542.0,0.0,620.1262395602325,393.33894959156896,619.8037538873535,505.04598928617224
55,1.3699951171875,0.0,0.0,101.0,0.0,543.0,0.0,620.1788765430084,393.30257638935404,619.7878940983281,505.0170160074758
56,1.399993896484375,0.0,0.0,101.0,0.0,546.0,0.0,620.1788765430084,393.30257638935404,619.7878940983281,505.0170160074758
57,1.4199981689453125,0.0,0.0,101.0,0.0,548.0,0.0,620.1788765430084,393.30257638935404,619.7878940983281,505.0170160074758
58,1.4499969482421875,0.0,0.0,101.0,0.0,547.0,0.0,620.1788765430084,393.30257638935404,619.7878940983281,505.0170160074758
59,1.470001220703125,0.0,0.0,100.0,0.0,549.0,0.0,620.1788765430084,393.30257638935404,619.7878940983281,505.0170160074758
60,1.4900054931640625,0.0,0.0,101.0,0.0,546.0,0.0,620.1620100054413,393.3394758085777,619.7739811629541,504.7773445908455
61,1.5200042724609375,0.0,0.0,101.0,0.0,546.0,0.0,620.1620100054413,393.3394758085777,619.7739811629541,504.7773445908455
62,1.540008544921875,0.0,0.0,101.0,0.0,548.0,0.0,620.1620100054413,393.3394758085777,619.7739811629541,504.7773445908455
63,1.57000732421875,0.0,0.0,101.0,0.0,546.0,0.0,620.1620100054413,393.3394758085777,619.7739811629541,504.7773445908455
64,1.600006103515625,0.0,0.0,101.0,0.0,546.0,0.0,620.1620100054413,393.3394758085777,619.7739811629541,504.7773445908455
65,1.6199951171875,0.0,0.0,101.0,0.0,547.0,0.0,620.1620100054413,393.3394758085777,619.7739811629541,504.7773445908455
66,1.649993896484375,0.0,0.0,101.0,0.0,547.0,0.0,620.1963065358225,393.2757864908631,619.7878940983281,505.0170160074758
67,1.6699981689453125,0.0,0.0,101.0,0.0,542.0,0.0,620.1963065358225,393.2757864908631,619.7878940983281,505.0170160074758
68,1.69000244140625,0.0,0.0,101.0,0.0,546.0,0.0,619.8875630776351,393.291671451465,619.4382657215565,504.9645077723306
69,1.720001220703125,0.0,0.0,100.0,0.0,546.0,0.0,619.8875630776351,393.291671451465,619.4382657215565,504.9645077723306
70,1.7400054931640625,0.0,0.0,102.0,0.0,545.0,0.0,619.8875630776351,393.291671451465,619.4382657215565,504.9645077723306
71,1.7700042724609375,0.0,0.0,101.0,0.0,545.0,0.0,619.8875630776351,393.291671451465,619.4382657215565,504.9645077723306
72,1.790008544921875,0.0,0.0,101.0,0.0,544.0,0.0,619.8875630776351,393.291671451465,619.4382657215565,504.9645077723306
73,1.82000732421875,0.0,0.0,101.0,0.0,549.0,0.0,619.8884473771344,393.34591778684705,619.3960169194498,504.91666688905264
74,1.850006103515625,0.0,0.0,101.0,0.0,548.0,0.0,619.8884473771344,393.34591778684705,619.3960169194498,504.91666688905264
75,1.8699951171875,0.0,0.0,101.0,0.0,544.0,0.0,619.8884473771344,393.34591778684705,619.3960169194498,504.91666688905264
76,1.8899993896484375,0.0,0.0,101.0,0.0,544.0,0.0,619.8350058436914,393.3280598166468,619.3826973788778,504.96673495573214
77,1.9199981689453125,0.0,0.0,101.0,0.0,547.0,0.0,619.8350058436914,393.3280598166468,619.3826973788778,504.96673495573214
78,1.94000244140625,0.0,0.0,100.0,0.0,548.0,0.0,619.8350058436914,393.3280598166468,619.3826973788778,504.96673495573214
79,1.970001220703125,0.0,0.0,101.0,0.0,547.0,0.0,619.8350058436914,393.3280598166468,619.3826973788778,504.96673495573214
80,1.9900054931640625,0.0,0.0,101.0,0.0,547.0,0.0,619.8350058436914,393.3280598166468,619.3826973788778,504.96673495573214
81,2.0200042724609375,0.0,0.0,101.0,0.0,547.0,0.0,619.8350058436914,393.3280598166468,619.3826973788778,504.96673495573214
82,2.040008544921875,0.0,0.0,100.0,0.0,543.0,0.0,619.8509680876596,393.3913539890737,619.4382657215565,504.9645077723306
83,2.07000732421875,0.0,0.0,101.0,0.0,548.0,0.0,619.8509680876596,393.3913539890737,619.4382657215565,504.9645077723306
84,2.089996337890625,0.0,0.0,101.0,0.0,546.0,0.0,619.8509680876596,393.3913539890737,619.4382657215565,504.9645077723306
85,2.1199951171875,0.0,0.0,101.0,0.0,543.0,0.0,619.8509680876596,393.3913539890737,619.4382657215565,504.9645077723306
86,2.1399993896484375,0.0,0.0,101.0,0.0,546.0,0.0,619.8509680876596,393.3913539890737,619.4382657215565,504.9645077723306
87,2.1699981689453125,0.0,0.0,101.0,0.0,545.0,0.0,619.8509680876596,393.3913539890737,619.4382657215565,504.9645077723306
88,2.19000244140625,0.0,0.0,101.0,0.0,543.0,0.0,620.2457980044113,393.22490429637094,619.7712681872063,504.96669152544195
89,2.220001220703125,0.0,0.0,101.0,0.0,548.0,0.0,620.2457980044113,393.22490429637094,619.7712681872063,504.96669152544195
90,2.2400054931640625,0.0,0.0,101.0,0.0,547.0,0.0,620.2457980044113,393.22490429637094,619.7712681872063,504.96669152544195
91,2.2700042724609375,0.0,0.0,101.0,0.0,546.0,0.0,620.2457980044113,393.22490429637094,619.7712681872063,504.96669152544195
92,2.290008544921875,0.0,0.0,100.0,0.0,548.0,0.0,620.2192701099052,393.21704003722755,619.7846160541585,504.9165716497149
93,2.32000732421875,0.0,0.0,101.0,0.0,546.0,0.0,620.2192701099052,393.21704003722755,619.7846160541585,504.9165716497149
94,2.339996337890625,0.0,0.0,101.0,0.0,546.0,0.0,620.2192701099052,393.21704003722755,619.7846160541585,504.9165716497149
95,2.3699951171875,0.0,0.0,101.0,0.0,548.0,0.0,620.2192701099052,393.21704003722755,619.7846160541585,504.9165716497149
96,2.3899993896484375,0.0,0.0,101.0,0.0,545.0,0.0,620.1976000984123,393.2904243030458,619.7590226992397,504.9738109357366
97,2.4199981689453125,0.0,0.0,101.0,0.0,547.0,0.0,620.2457980044113,393.22490429637094,619.8562588543142,504.97825819312595
98,2.44000244140625,0.0,0.0,100.0,0.0,545.0,0.0,620.2611317107848,393.2337680171691,619.8111330009707,504.9355092295349
99,2.470001220703125,0.0,0.0,101.0,0.0,543.0,0.0,620.2611317107848,393.2337680171691,619.8111330009707,504.9355092295349
100,2.4900054931640625,0.0,0.0,100.0,0.0,546.0,0.0,620.2502964870259,393.25425221254204,619.8111330009707,504.9355092295349
101,2.5200042724609375,0.0,0.0,101.0,0.0,544.0,0.0,620.2720641014663,393.1759696489913,619.8562588543142,504.97825819312595
102,2.540008544921875,0.0,0.0,100.0,0.0,547.0,0.0,620.2319317601826,393.2267685595162,619.827006780353,504.96448606930653
103,2.57000732421875,0.0,0.0,101.0,0.0,547.0,0.0,620.2319317601826,393.2267685595162,619.827006780353,504.96448606930653
104,2.589996337890625,0.0,0.0,102.0,0.0,544.0,0.0,620.2402775951124,393.28508172805545,619.8403843208393,504.9492452626473
105,2.6199951171875,0.0,0.0,101.0,0.0,545.0,0.0,620.1967036811834,393.23638027091386,619.7955197813033,505.0039913779595
106,2.6399993896484375,0.0,0.0,101.0,0.0,544.0,0.0,620.1967036811834,393.23638027091386,619.7955197813033,505.0039913779595
107,2.6699981689453125,0.0,0.0,101.0,0.0,545.0,0.0,620.1792029849831,393.2631338113777,619.827006780353,504.96448606930653
108,2.69000244140625,0.0,0.0,101.0,0.0,546.0,0.0,620.0793924435867,393.2451377471003,619.7917131413034,505.0429531669226
109,2.720001220703125,0.0,0.0,101.0,0.0,548.0,0.0,620.0793924435867,393.2451377471003,619.7917131413034,505.0429531669226
110,2.7400054931640625,0.0,0.0,101.0,0.0,545.0,0.0,620.0793924435867,393.2451377471003,619.7917131413034,505.0429531669226
111,2.7700042724609375,0.0,0.0,101.0,0.0,545.0,0.0,620.1531295732221,393.2355226683873,619.7758393745514,505.0139569995652
112,2.790008544921875,0.0,0.0,101.0,0.0,546.0,0.0,620.1531295732221,393.2355226683873,619.7758393745514,505.0139569995652
113,2.82000732421875,0.0,0.0,101.0,0.0,546.0,0.0,620.1531295732221,393.2355226683873,619.7758393745514,505.0139569995652
114,2.839996337890625,0.0,0.0,100.0,0.0,545.0,0.0,620.1531295732221,393.2355226683873,619.7758393745514,505.0139569995652
115,2.8699951171875,0.0,0.0,101.0,0.0,547.0,0.0,620.1531295732221,393.2355226683873,619.7758393745514,505.0139569995652
116,2.8899993896484375,0.0,0.0,101.0,0.0,545.0,0.0,620.1531295732221,393.2355226683873,619.7758393745514,505.0139569995652
117,2.9199981689453125,0.0,0.0,101.0,0.0,546.0,0.0,620.1531295732221,393.2355226683873,619.7758393745514,505.0139569995652
118,2.94000244140625,0.0,0.0,101.0,0.0,544.0,0.0,620.1531295732221,393.2355226683873,619.7758393745514,505.0139569995652
119,2.970001220703125,0.0,0.0,101.0,0.0,547.0,0.0,620.1531295732221,393.2355226683873,619.7758393745514,505.0139569995652
120,2.9900054931640625,0.0,0.0,101.0,0.0,546.0,0.0,620.1531295732221,393.2355226683873,619.7758393745514,505.0139569995652
121,3.0200042724609375,0.0,0.0,100.0,0.0,545.0,0.0,620.1531295732221,393.2355226683873,619.7758393745514,505.0139569995652
122,3.040008544921875,0.0,0.0,100.0,0.0,546.0,0.0,620.1531295732221,393.2355226683873,619.7758393745514,505.0139569995652
123,3.07000732421875,0.0,0.0,101.0,0.0,545.0,0.0,620.1531295732221,393.2355226683873,619.7758393745514,505.0139569995652
124,3.089996337890625,0.0,0.0,101.0,0.0,546.0,0.0,620.1320307626465,393.20872196008963,619.7493393500185,504.9950204957099
125,3.1199951171875,0.0,0.0,101.0,0.0,545.0,0.0,620.1320307626465,393.20872196008963,619.7493393500185,504.9950204957099
126,3.1399993896484375,0.0,0.0,101.0,0.0,546.0,0.0,620.1320307626465,393.20872196008963,619.7493393500185,504.9950204957099
127,3.1699981689453125,0.0,0.0,101.0,0.0,547.0,0.0,620.1320307626465,393.20872196008963,619.7493393500185,504.9950204957099
128,3.19000244140625,0.0,0.0,101.0,0.0,546.0,0.0,620.1320307626465,393.20872196008963,619.7493393500185,504.9950204957099
129,3.220001220703125,0.0,0.0,101.0,0.0,546.0,0.0,620.1320307626465,393.20872196008963,619.7493393500185,504.9950204957099
130,3.2400054931640625,0.0,0.0,101.0,0.0,546.0,0.0,620.1320307626465,393.20872196008963,619.7493393500185,504.9950204957099
131,3.2700042724609375,0.0,0.0,100.0,0.0,545.0,0.0,620.1320307626465,393.20872196008963,619.7493393500185,504.9950204957099
132,3.290008544921875,0.0,0.0,101.0,0.0,545.0,0.0,620.1494565907772,393.1819070208884,619.7726776143727,505.068204627249
133,3.32000732421875,0.0,0.0,101.0,0.0,544.0,0.0,620.1494565907772,393.1819070208884,619.7917131413034,505.0429531669226
134,3.339996337890625,0.0,0.0,101.0,0.0,547.0,0.0,620.1494565907772,393.1819070208884,619.7917131413034,505.0429531669226
135,3.3699951171875,0.0,0.0,101.0,0.0,546.0,0.0,620.1494565907772,393.1819070208884,619.7917131413034,505.0429531669226
136,3.3899993896484375,0.0,0.0,101.0,0.0,543.0,0.0,620.1494565907772,393.1819070208884,619.7917131413034,505.0429531669226
137,3.4199981689453125,0.0,0.0,101.0,0.0,548.0,0.0,620.1494565907772,393.1819070208884,619.7917131413034,505.0429531669226
138,3.44000244140625,0.0,0.0,101.0,0.0,546.0,0.0,620.1494565907772,393.1819070208884,619.7917131413034,505.0429531669226
139,3.470001220703125,0.0,0.0,100.0,0.0,545.0,0.0,620.0968546890608,393.21835876209394,619.7917131413034,505.0429531669226
140,3.4900054931640625,0.0,0.0,101.0,0.0,545.0,0.0,620.0968546890608,393.21835876209394,619.7917131413034,505.0429531669226
141,3.5200042724609375,0.0,0.0,101.0,0.0,547.0,0.0,620.0968546890608,393.21835876209394,619.7917131413034,505.0429531669226
142,3.540008544921875,0.0,0.0,101.0,0.0,547.0,0.0,620.0968546890608,393.21835876209394,619.7917131413034,505.0429531669226
143,3.57000732421875,0.0,0.0,101.0,0.0,545.0,0.0,620.0968546890608,393.21835876209394,619.7917131413034,505.0429531669226
144,3.589996337890625,0.0,0.0,101.0,0.0,547.0,0.0,620.1274133969434,393.2732752989035,619.7726776143727,505.068204627249
145,3.6199951171875,0.0,0.0,101.0,0.0,547.0,0.0,620.1274133969434,393.2732752989035,619.7726776143727,505.068204627249
146,3.6399993896484375,0.0,0.0,101.0,0.0,548.0,0.0,620.1274133969434,393.2732752989035,619.7726776143727,505.068204627249
147,3.6699981689453125,0.0,0.0,102.0,0.0,548.0,0.0,620.1274133969434,393.2732752989035,619.7726776143727,505.068204627249
148,3.69000244140625,0.0,0.0,101.0,0.0,545.0,0.0,620.1274133969434,393.2732752989035,619.7726776143727,505.068204627249
149,3.720001220703125,0.0,0.0,101.0,0.0,546.0,0.0,620.1274133969434,393.2732752989035,619.7726776143727,505.068204627249
150,3.7400054931640625,0.0,0.0,101.0,0.0,547.0,0.0,620.1274133969434,393.2732752989035,619.7726776143727,505.068204627249
151,3.7700042724609375,0.0,0.0,101.0,0.0,546.0,0.0,620.1194796554413,393.19435799858707,619.7726776143727,505.068204627249
152,3.790008544921875,0.0,0.0,100.0,0.0,546.0,0.0,620.1194796554413,393.19435799858707,619.7726776143727,505.068204627249
153,3.82000732421875,0.0,0.0,101.0,0.0,545.0,0.0,620.1194796554413,393.19435799858707,619.7726776143727,505.068204627249
154,3.839996337890625,0.0,0.0,100.0,0.0,547.0,0.0,620.1194796554413,393.19435799858707,619.7726776143727,505.068204627249
155,3.8699951171875,0.0,0.0,100.0,0.0,547.0,0.0,620.0968546890608,393.21835876209394,619.7917131413034,505.0429531669226
156,3.8899993896484375,0.0,0.0,101.0,0.0,546.0,0.0,620.0968546890608,393.21835876209394,619.7917131413034,505.0429531669226
157,3.9199981689453125,0.0,0.0,101.0,0.0,547.0,0.0,620.0968546890608,393.21835876209394,619.7917131413034,505.0429531669226
158,3.94000244140625,0.0,0.0,101.0,0.0,547.0,0.0,620.0968546890608,393.21835876209394,619.7917131413034,505.0429531669226
159,3.970001220703125,0.0,0.0,100.0,0.0,546.0,0.0,620.0968546890608,393.21835876209394,619.7917131413034,505.0429531669226
160,3.9900054931640625,0.0,0.0,101.0,0.0,546.0,0.0,620.0968546890608,393.21835876209394,619.7917131413034,505.0429531669226
161,4.0200042724609375,0.0,0.0,101.0,0.0,545.0,0.0,620.0968546890608,393.21835876209394,619.7917131413034,505.0429531669226
162,4.040008544921875,0.0,0.0,101.0,0.0,549.0,0.0,620.0968546890608,393.21835876209394,619.7917131413034,505.0429531669226
163,4.07000732421875,0.0,0.0,101.0,0.0,547.0,0.0,620.0968546890608,393.21835876209394,619.7917131413034,505.0429531669226
164,4.089996337890625,0.0,0.0,101.0,0.0,545.0,0.0,620.0968546890608,393.21835876209394,619.7917131413034,505.0429531669226
165,4.1199951171875,0.0,0.0,101.0,0.0,546.0,0.0,620.0968546890608,393.21835876209394,619.7917131413034,505.0429531669226
166,4.1399993896484375,0.0,0.0,101.0,0.0,545.0,0.0,620.0968546890608,393.21835876209394,619.7917131413034,505.0429531669226
167,4.1699981689453125,0.0,0.0,100.0,0.0,547.0,0.0,620.0968546890608,393.21835876209394,619.7917131413034,505.0429531669226
168,4.19000244140625,0.0,0.0,101.0,0.0,547.0,0.0,620.0968546890608,393.21835876209394,619.7917131413034,505.0429531669226
169,4.220001220703125,0.0,0.0,101.0,0.0,547.0,0.0,620.0968546890608,393.21835876209394,619.7917131413034,505.0429531669226
170,4.2400054931640625,0.0,0.0,101.0,0.0,546.0,0.0,620.0968546890608,393.21835876209394,619.7917131413034,505.0429531669226
171,4.2700042724609375,0.0,0.0,101.0,0.0,548.0,0.0,620.0968546890608,393.21835876209394,619.7917131413034,505.0429531669226
172,4.290008544921875,0.0,0.0,101.0,0.0,546.0,0.0,620.0968546890608,393.21835876209394,619.7917131413034,505.0429531669226
173,4.32000732421875,0.0,0.0,101.0,0.0,547.0,0.0,620.0968546890608,393.21835876209394,619.7917131413034,505.0429531669226
174,4.339996337890625,0.0,0.0,100.0,0.0,545.0,0.0,620.0968546890608,393.21835876209394,619.7917131413034,505.0429531669226
175,4.3699951171875,0.0,0.0,101.0,0.0,545.0,0.0,620.1494565907772,393.1819070208884,619.7758393745514,505.0139569995652
176,4.3899993896484375,0.0,0.0,100.0,0.0,547.0,0.0,620.1494565907772,393.1819070208884,619.7642722862239,504.7211055744005
177,4.4199981689453125,0.0,0.0,100.0,0.0,547.0,0.0,620.1494565907772,393.1819070208884,619.7642722862239,504.7211055744005
178,4.44000244140625,0.0,0.0,101.0,0.0,545.0,0.0,620.0793924435867,393.2451377471003,619.7917131413034,505.0429531669226
179,4.4600067138671875,0.0,0.0,101.0,0.0,546.0,0.0,620.0434391740733,393.1801375347341,619.804476567351,505.03327702409825
180,4.4900054931640625,0.0,0.0,101.0,0.0,548.0,0.0,620.0434391740733,393.1801375347341,619.804476567351,505.03327702409825
181,4.5200042724609375,0.0,0.0,101.0,0.0,547.0,0.0,620.1403990709769,393.2670649563302,619.7758393745514,505.0139569995652
182,4.540008544921875,0.0,0.0,101.0,0.0,545.0,0.0,620.1494565907772,393.1819070208884,619.7567696092157,505.03931526803854
183,4.57000732421875,0.0,0.0,101.0,0.0,546.0,0.0,620.1494565907772,393.1819070208884,619.7758393745514,505.0139569995652
184,4.589996337890625,0.0,0.0,101.0,0.0,546.0,0.0,620.1494565907772,393.1819070208884,619.7758393745514,505.0139569995652
185,4.6199951171875,0.0,0.0,101.0,0.0,544.0,0.0,620.1494565907772,393.1819070208884,619.7758393745514,505.0139569995652
186,4.6399993896484375,0.0,0.0,101.0,0.0,546.0,0.0,620.1494565907772,393.1819070208884,619.7758393745514,505.0139569995652
187,4.6699981689453125,0.0,0.0,100.0,0.0,546.0,0.0,620.0968546890608,393.21835876209394,619.7758393745514,505.0139569995652
188,4.69000244140625,0.0,0.0,101.0,0.0,547.0,0.0,620.0968546890608,393.21835876209394,619.7758393745514,505.0139569995652
189,4.7100067138671875,0.0,0.0,101.0,0.0,546.0,0.0,620.0968546890608,393.21835876209394,619.7758393745514,505.0139569995652
190,4.7400054931640625,0.0,0.0,101.0,0.0,543.0,0.0,620.0793924435867,393.2451377471003,619.7917131413034,505.0429531669226
191,4.7599945068359375,0.0,0.0,101.0,0.0,544.0,0.0,620.1503870365993,393.23621171468227,619.804476567351,505.03327702409825
192,4.790008544921875,0.0,0.0,101.0,0.0,545.0,0.0,620.1503870365993,393.23621171468227,619.804476567351,505.03327702409825
193,4.82000732421875,0.0,0.0,101.0,0.0,545.0,0.0,620.1503870365993,393.23621171468227,619.804476567351,505.03327702409825
194,4.839996337890625,0.0,0.0,101.0,0.0,547.0,0.0,620.1503870365993,393.23621171468227,619.804476567351,505.03327702409825
195,4.8699951171875,0.0,0.0,101.0,0.0,545.0,0.0,620.1503870365993,393.23621171468227,619.804476567351,505.03327702409825
196,4.8899993896484375,0.0,0.0,100.0,0.0,547.0,0.0,620.1503870365993,393.23621171468227,619.804476567351,505.03327702409825
197,4.9199981689453125,0.0,0.0,101.0,0.0,545.0,0.0,620.1503870365993,393.23621171468227,619.804476567351,505.03327702409825
198,4.94000244140625,0.0,0.0,101.0,0.0,545.0,0.0,620.1503870365993,393.23621171468227,619.804476567351,505.03327702409825
199,4.9600067138671875,0.0,0.0,101.0,0.0,549.0,0.0,620.1503870365993,393.23621171468227,619.804476567351,505.03327702409825
200,4.9900054931640625,0.0,0.0,101.0,0.0,544.0,0.0,620.1503870365993,393.23621171468227,619.804476567351,505.03327702409825
201,5.0099945068359375,0.0,0.0,101.0,0.0,546.0,0.0,620.1503870365993,393.23621171468227,619.804476567351,505.03327702409825
202,5.040008544921875,0.0,0.0,101.0,0.0,548.0,0.0,620.1503870365993,393.23621171468227,619.804476567351,505.03327702409825
203,5.05999755859375,0.0,0.0,101.0,0.0,545.0,0.0,620.1092959241748,393.14905059650096,619.7758393745514,505.0139569995652
204,5.089996337890625,0.0,0.0,100.0,0.0,547.0,0.0,620.1092959241748,393.14905059650096,619.7758393745514,505.0139569995652
205,5.1199951171875,0.0,0.0,101.0,0.0,547.0,0.0,620.1092959241748,393.14905059650096,619.7758393745514,505.0139569995652
206,5.1399993896484375,0.0,0.0,101.0,0.0,547.0,0.0,620.1092959241748,393.14905059650096,619.7758393745514,505.0139569995652
207,5.160003662109375,0.0,0.0,101.0,0.0,545.0,0.0,620.1092959241748,393.14905059650096,619.7758393745514,505.0139569995652
208,5.19000244140625,0.0,0.0,100.0,0.0,546.0,0.0,620.1092959241748,393.14905059650096,619.7758393745514,505.0139569995652
209,5.2100067138671875,0.0,0.0,101.0,0.0,546.0,0.0,620.1092959241748,393.14905059650096,619.7758393745514,505.0139569995652
210,5.2400054931640625,0.0,0.0,101.0,0.0,549.0,0.0,620.2115164107033,393.1817718967982,619.7642722862239,504.7211055744005
211,5.2599945068359375,0.0,0.0,101.0,0.0,549.0,0.0,620.2115164107033,393.1817718967982,619.7642722862239,504.7211055744005
212,5.290008544921875,0.0,0.0,101.0,0.0,547.0,0.0,620.2115164107033,393.1817718967982,619.7642722862239,504.7211055744005
213,5.30999755859375,0.0,0.0,100.0,0.0,546.0,0.0,620.2115164107033,393.1817718967982,619.7642722862239,504.7211055744005
214,5.339996337890625,0.0,0.0,101.0,0.0,544.0,0.0,620.2115164107033,393.1817718967982,619.7642722862239,504.7211055744005
215,5.3600006103515625,0.0,0.0,101.0,0.0,545.0,0.0,620.2115164107033,393.1817718967982,619.7642722862239,504.7211055744005
216,5.3899993896484375,0.0,0.0,101.0,0.0,545.0,0.0,620.2115164107033,393.1817718967982,619.7642722862239,504.7211055744005
217,5.410003662109375,0.0,0.0,101.0,0.0,544.0,0.0,620.2115164107033,393.1817718967982,619.7642722862239,504.7211055744005
218,5.44000244140625,0.0,0.0,101.0,0.0,544.0,0.0,620.0793924435867,393.2451377471003,619.7917131413034,505.0429531669226
219,5.4600067138671875,0.0,0.0,101.0,0.0,546.0,0.0,620.0793924435867,393.2451377471003,619.7917131413034,505.0429531669226
220,5.4900054931640625,0.0,0.0,101.0,0.0,548.0,0.0,620.0793924435867,393.2451377471003,619.7917131413034,505.0429531669226
221,5.5099945068359375,0.0,0.0,101.0,0.0,544.0,0.0,620.0793924435867,393.2451377471003,619.7917131413034,505.0429531669226
222,5.540008544921875,0.0,0.0,101.0,0.0,547.0,0.0,620.0793924435867,393.2451377471003,619.7917131413034,505.0429531669226
223,5.55999755859375,0.0,0.0,101.0,0.0,547.0,0.0,620.0793924435867,393.2451377471003,619.7917131413034,505.0429531669226
224,5.589996337890625,0.0,0.0,101.0,0.0,547.0,0.0,620.0968546890608,393.21835876209394,619.7567696092157,505.03931526803854
225,5.6100006103515625,0.0,0.0,101.0,0.0,546.0,0.0,620.0968546890608,393.21835876209394,619.7567696092157,505.03931526803854
226,5.6399993896484375,0.0,0.0,101.0,0.0,550.0,0.0,620.0968546890608,393.21835876209394,619.7567696092157,505.03931526803854
227,5.660003662109375,0.0,0.0,101.0,0.0,542.0,0.0,620.0968546890608,393.21835876209394,619.7567696092157,505.03931526803854
228,5.69000244140625,0.0,0.0,101.0,0.0,548.0,0.0,620.0968546890608,393.21835876209394,619.7567696092157,505.03931526803854
229,5.7100067138671875,0.0,0.0,101.0,0.0,549.0,0.0,620.0968546890608,393.21835876209394,619.7567696092157,505.03931526803854
230,5.7400054931640625,0.0,0.0,101.0,0.0,544.0,0.0,620.1503870365993,393.23621171468227,619.7758393745514,505.0139569995652
231,5.7599945068359375,0.0,0.0,100.0,0.0,544.0,0.0,620.1503870365993,393.23621171468227,619.7758393745514,505.0139569995652
232,5.790008544921875,0.0,0.0,102.0,0.0,548.0,0.0,620.1503870365993,393.23621171468227,619.7758393745514,505.0139569995652
233,5.80999755859375,0.0,0.0,101.0,0.0,548.0,0.0,620.1503870365993,393.23621171468227,619.7758393745514,505.0139569995652
234,5.839996337890625,0.0,0.0,101.0,0.0,548.0,0.0,620.1503870365993,393.23621171468227,619.7758393745514,505.0139569995652
235,5.8600006103515625,0.0,0.0,101.0,0.0,548.0,0.0,620.1503870365993,393.23621171468227,619.7758393745514,505.0139569995652
236,5.8899993896484375,0.0,0.0,101.0,0.0,546.0,0.0,620.1503870365993,393.23621171468227,619.7758393745514,505.0139569995652
237,5.910003662109375,0.0,0.0,101.0,0.0,545.0,0.0,620.1503870365993,393.23621171468227,619.7758393745514,505.0139569995652
238,5.94000244140625,0.0,0.0,101.0,0.0,546.0,0.0,620.1503870365993,393.23621171468227,619.7758393745514,505.0139569995652
239,5.9600067138671875,0.0,0.0,100.0,0.0,548.0,0.0,620.1503870365993,393.23621171468227,619.7758393745514,505.0139569995652
240,5.9900054931640625,0.0,0.0,101.0,0.0,546.0,0.0,620.1503870365993,393.23621171468227,619.7758393745514,505.0139569995652
241,6.0099945068359375,0.0,0.0,101.0,0.0,545.0,0.0,620.1320307626465,393.20872196008963,619.7917131413034,505.0429531669226
242,6.040008544921875,0.0,0.0,100.0,0.0,546.0,0.0,620.1320307626465,393.20872196008963,619.7917131413034,505.0429531669226
243,6.05999755859375,200.0,0.0,102.0,0.0,548.0,0.0,620.1320307626465,393.20872196008963,619.7917131413034,505.0429531669226
244,6.089996337890625,200.0,0.0,104.0,0.0,545.0,0.0,620.1494565907772,393.1819070208884,623.8396431181668,505.9874892704955
245,6.1199951171875,200.0,0.0,110.0,0.0,535.0,0.0,620.1494565907772,393.1819070208884,623.8396431181668,505.9874892704955
246,6.1399993896484375,200.0,0.0,113.0,0.0,532.0,0.0,620.1494565907772,393.1819070208884,623.8396431181668,505.9874892704955
247,6.1699981689453125,200.0,0.0,115.0,0.0,490.0,0.0,620.1494565907772,393.1819070208884,623.8396431181668,505.9874892704955
248,6.1999969482421875,200.0,0.0,118.0,0.0,462.0,0.0,620.2181026873137,393.1467022200046,623.921991099961,505.8581825662001
249,6.2299957275390625,200.0,0.0,120.0,0.0,451.0,0.0,620.2181026873137,393.1467022200046,623.921991099961,505.8581825662001
250,6.25,200.0,0.0,121.0,0.0,453.0,0.0,620.2181026873137,393.1467022200046,623.921991099961,505.8581825662001
251,6.279998779296875,200.0,0.0,125.0,0.0,446.0,0.0,620.2181026873137,393.1467022200046,623.921991099961,505.8581825662001
252,6.30999755859375,200.0,0.0,127.0,0.0,441.0,0.0,620.2181026873137,393.1467022200046,623.921991099961,505.8581825662001
253,6.3300018310546875,200.0,0.0,125.0,0.0,427.0,0.0,620.2181026873137,393.1467022200046,623.921991099961,505.8581825662001
254,6.3600006103515625,200.0,0.0,124.0,0.0,420.0,0.0,620.2181026873137,393.1467022200046,623.921991099961,505.8581825662001
255,6.3899993896484375,200.0,0.0,125.0,0.0,422.0,0.0,620.1654659528999,393.18309896096076,643.2274292957909,508.27060707230413
256,6.410003662109375,200.0,0.0,128.0,0.0,426.0,0.0,620.1479935806334,393.2098473553626,642.92904480088,508.14695034051624
257,6.44000244140625,200.0,0.0,129.0,0.0,426.0,0.0,620.1999260219234,393.2736909985064,645.5083644034224,508.19794949082797
258,6.470001220703125,200.0,0.0,126.0,0.0,427.0,0.0,620.1999260219234,393.2736909985064,645.5083644034224,508.19794949082797
259,6.4900054931640625,200.0,0.0,126.0,0.0,422.0,0.0,620.1654659528999,393.18309896096076,647.9898360741075,508.1587446105782
260,6.5200042724609375,200.0,0.0,130.0,0.0,417.0,0.0,620.1654659528999,393.18309896096076,647.68879507844,508.26107506731825
261,6.5500030517578125,200.0,0.0,128.0,0.0,416.0,0.0,620.1962978460583,393.14434323885666,644.9031726439022,508.2004425837314
262,6.5800018310546875,200.0,0.0,127.0,0.0,420.0,0.0,620.2181026873137,393.1467022200046,643.6253844958669,508.24415897647697
263,6.600006103515625,200.0,0.0,130.0,0.0,422.0,0.0,620.2181026873137,393.1467022200046,643.6253844958669,508.24415897647697
264,6.6300048828125,200.0,0.0,129.0,0.0,421.0,0.0,620.1479935806334,393.2098473553626,646.0259665620695,508.2088390113853
265,6.660003662109375,200.0,0.0,127.0,0.0,420.0,0.0,620.1479935806334,393.2098473553626,646.0259665620695,508.2088390113853
266,6.6800079345703125,200.0,0.0,128.0,0.0,413.0,0.0,620.1479935806334,393.2098473553626,646.0259665620695,508.2088390113853
267,6.7100067138671875,200.0,0.0,130.0,0.0,416.0,0.0,620.1479935806334,393.2098473553626,646.0259665620695,508.2088390113853
268,6.7400054931640625,200.0,0.0,127.0,0.0,417.0,0.0,619.39992727363,393.10846789038976,643.8357782294587,507.62133220705766
269,6.7599945068359375,200.0,0.0,127.0,0.0,421.0,0.0,619.39992727363,393.10846789038976,643.8357782294587,507.62133220705766
270,6.790008544921875,200.0,0.0,131.0,0.0,421.0,0.0,619.39992727363,393.10846789038976,643.8357782294587,507.62133220705766
271,6.82000732421875,200.0,0.0,128.0,0.0,422.0,0.0,619.39992727363,393.10846789038976,643.8357782294587,507.62133220705766
272,6.850006103515625,200.0,0.0,127.0,0.0,416.0,0.0,619.360150560181,393.07874652609394,646.1610475598582,507.66161889005855
273,6.8699951171875,200.0,0.0,131.0,0.0,419.0,0.0,619.360150560181,393.07874652609394,646.1610475598582,507.66161889005855
274,6.899993896484375,200.0,0.0,133.0,0.0,422.0,0.0,619.360150560181,393.07874652609394,646.1610475598582,507.66161889005855
275,6.9300079345703125,200.0,0.0,126.0,0.0,420.0,0.0,619.360150560181,393.07874652609394,646.1610475598582,507.66161889005855
276,6.9600067138671875,200.0,0.0,130.0,0.0,422.0,0.0,619.360150560181,393.07874652609394,646.1610475598582,507.66161889005855
277,6.9799957275390625,200.0,0.0,132.0,0.0,421.0,0.0,619.360150560181,393.07874652609394,646.1610475598582,507.66161889005855
278,7.0099945068359375,200.0,0.0,127.0,0.0,419.0,0.0,619.360150560181,393.07874652609394,646.1610475598582,507.66161889005855
279,7.040008544921875,200.0,0.0,128.0,0.0,419.0,0.0,619.4261904138274,393.1840097045703,646.1482503942156,507.65306252987347
280,7.05999755859375,200.0,0.0,132.0,0.0,419.0,0.0,619.4261904138274,393.1840097045703,646.1482503942156,507.65306252987347
281,7.089996337890625,200.0,0.0,129.0,0.0,423.0,0.0,619.4261904138274,393.1840097045703,646.1482503942156,507.65306252987347
282,7.1199951171875,200.0,0.0,127.0,0.0,420.0,0.0,619.4261904138274,393.1840097045703,646.1482503942156,507.65306252987347
283,7.1399993896484375,200.0,0.0,131.0,0.0,421.0,0.0,619.4261904138274,393.1840097045703,646.1482503942156,507.65306252987347
284,7.1699981689453125,200.0,0.0,131.0,0.0,419.0,0.0,619.4261904138274,393.1840097045703,646.1482503942156,507.65306252987347
285,7.1999969482421875,200.0,0.0,127.0,0.0,418.0,0.0,619.4255113901569,393.1296471133859,646.094300521735,507.68544950872655
286,7.2299957275390625,200.0,0.0,130.0,0.0,420.0,0.0,619.3292515371169,393.11740470096566,644.2275653538576,507.6436110773639
287,7.25,200.0,0.0,131.0,0.0,420.0,0.0,619.4154084784434,393.11736829605036,644.3797635622719,507.7150815927927
288,7.279998779296875,200.0,0.0,127.0,0.0,423.0,0.0,620.0442853817804,393.10509650933255,647.5981415936025,508.10037781928196
289,7.30999755859375,200.0,0.0,129.0,0.0,422.0,0.0,620.0442853817804,393.10509650933255,647.5981415936025,508.10037781928196
290,7.3300018310546875,200.0,0.0,132.0,0.0,419.0,0.0,620.0442853817804,393.10509650933255,647.5981415936025,508.10037781928196
291,7.3600006103515625,200.0,0.0,130.0,0.0,421.0,0.0,620.0442853817804,393.10509650933255,647.5981415936025,508.10037781928196
292,7.3899993896484375,200.0,0.0,128.0,0.0,420.0,0.0,620.0442853817804,393.10509650933255,647.5981415936025,508.10037781928196
293,7.4199981689453125,200.0,0.0,132.0,0.0,420.0,0.0,620.0442853817804,393.10509650933255,647.5981415936025,508.10037781928196
294,7.44000244140625,200.0,0.0,131.0,0.0,420.0,0.0,620.0442853817804,393.10509650933255,647.5981415936025,508.10037781928196
295,7.470001220703125,200.0,0.0,127.0,0.0,422.0,0.0,620.0393698146552,393.14149505931044,647.6388085684222,508.07331731586027
296,7.4900054931640625,200.0,0.0,131.0,0.0,422.0,0.0,620.0393698146552,393.14149505931044,647.6388085684222,508.07331731586027
297,7.5200042724609375,200.0,0.0,131.0,0.0,421.0,0.0,620.0393698146552,393.14149505931044,647.6388085684222,508.07331731586027
298,7.5500030517578125,200.0,0.0,129.0,0.0,424.0,0.0,620.0393698146552,393.14149505931044,647.6388085684222,508.07331731586027
299,7.5800018310546875,200.0,0.0,130.0,0.0,424.0,0.0,620.0393698146552,393.14149505931044,647.6388085684222,508.07331731586027
300,7.600006103515625,200.0,0.0,131.0,0.0,423.0,0.0,620.0034655472899,393.0765917155859,645.9959877956077,508.04854619683704
301,7.6300048828125,200.0,0.0,128.0,0.0,421.0,0.0,620.0034655472899,393.0765917155859,645.9959877956077,508.04854619683704
302,7.660003662109375,200.0,0.0,128.0,0.0,422.0,0.0,620.0034655472899,393.0765917155859,645.9959877956077,508.04854619683704
303,7.6800079345703125,200.0,0.0,132.0,0.0,421.0,0.0,620.0919427998882,393.10512902643103,646.6854871083676,508.0650123273682
304,7.7100067138671875,200.0,0.0,129.0,0.0,423.0,0.0,620.0919427998882,393.10512902643103,646.6854871083676,508.0650123273682
305,7.7400054931640625,200.0,0.0,127.0,0.0,421.0,0.0,620.0919427998882,393.10512902643103,646.6854871083676,508.0650123273682
306,7.7700042724609375,200.0,0.0,132.0,0.0,422.0,0.0,620.0919427998882,393.10512902643103,646.6854871083676,508.0650123273682
307,7.790008544921875,200.0,0.0,131.0,0.0,424.0,0.0,620.0568111056697,393.1147539801747,647.5981415936025,508.10037781928196
308,7.82000732421875,200.0,0.0,127.0,0.0,422.0,0.0,619.740384721776,393.2313473419355,646.9112631197887,507.978139654601
309,7.850006103515625,200.0,0.0,128.0,0.0,421.0,0.0,619.740384721776,393.2313473419355,646.9112631197887,507.978139654601
310,7.8699951171875,200.0,0.0,131.0,0.0,423.0,0.0,619.740384721776,393.2313473419355,646.9112631197887,507.978139654601
311,7.899993896484375,200.0,0.0,128.0,0.0,422.0,0.0,619.740384721776,393.2313473419355,646.9112631197887,507.978139654601
312,7.9300079345703125,200.0,0.0,126.0,0.0,422.0,0.0,619.740384721776,393.2313473419355,646.9112631197887,507.978139654601
313,7.9600067138671875,200.0,0.0,131.0,0.0,424.0,0.0,619.740384721776,393.2313473419355,646.9112631197887,507.978139654601
314,7.9799957275390625,200.0,0.0,126.0,0.0,424.0,0.0,619.740384721776,393.2313473419355,646.9112631197887,507.978139654601
315,8.009994506835938,200.0,0.0,127.0,0.0,422.0,0.0,619.740384721776,393.2313473419355,646.9112631197887,507.978139654601
316,8.040008544921875,200.0,0.0,129.0,0.0,422.0,0.0,619.740384721776,393.2313473419355,646.9112631197887,507.978139654601
317,8.05999755859375,200.0,0.0,129.0,0.0,423.0,0.0,619.7396186000275,393.177380085015,645.2656356488691,507.9393133528658
318,8.089996337890625,200.0,0.0,127.0,0.0,421.0,0.0,619.7396186000275,393.177380085015,645.2656356488691,507.9393133528658
319,8.1199951171875,200.0,0.0,128.0,0.0,422.0,0.0,619.7396186000275,393.177380085015,645.2656356488691,507.9393133528658
320,8.149993896484375,200.0,0.0,131.0,0.0,421.0,0.0,619.7396186000275,393.177380085015,645.2656356488691,507.9393133528658
321,8.169998168945312,200.0,0.0,127.0,0.0,422.0,0.0,619.7220986496104,393.20410511679285,646.8310253597865,507.9875930634267
322,8.199996948242188,200.0,0.0,128.0,0.0,422.0,0.0,619.7220986496104,393.20410511679285,646.8310253597865,507.9875930634267
323,8.229995727539062,200.0,0.0,132.0,0.0,422.0,0.0,619.7220986496104,393.20410511679285,646.8310253597865,507.9875930634267
324,8.25,200.0,0.0,127.0,0.0,425.0,0.0,619.7220986496104,393.20410511679285,646.8310253597865,507.9875930634267
325,8.279998779296875,200.0,0.0,127.0,0.0,423.0,0.0,619.7220986496104,393.20410511679285,646.8310253597865,507.9875930634267
326,8.30999755859375,200.0,0.0,131.0,0.0,425.0,0.0,619.7220986496104,393.20410511679285,646.8310253597865,507.9875930634267
327,8.330001831054688,200.0,0.0,130.0,0.0,421.0,0.0,619.8360785043398,393.1896558058829,646.8310253597865,507.9875930634267
328,8.360000610351562,200.0,0.0,127.0,0.0,423.0,0.0,619.6872764424205,393.29059501746883,645.9310099304471,508.0855290681466
329,8.389999389648438,200.0,0.0,129.0,0.0,424.0,0.0,619.6872764424205,393.29059501746883,645.9310099304471,508.0855290681466
330,8.419998168945312,200.0,0.0,131.0,0.0,424.0,0.0,619.6872764424205,393.29059501746883,645.9310099304471,508.0855290681466
331,8.44000244140625,200.0,0.0,126.0,0.0,424.0,0.0,619.6872764424205,393.29059501746883,645.9310099304471,508.0855290681466
332,8.470001220703125,200.0,0.0,130.0,0.0,421.0,0.0,619.6872764424205,393.29059501746883,645.9310099304471,508.0855290681466
333,8.5,200.0,0.0,131.0,0.0,421.0,0.0,619.7382352562455,393.30022856050107,646.7451216041652,508.1100517664972
334,8.520004272460938,200.0,0.0,128.0,0.0,424.0,0.0,619.7048459681365,393.2638694064619,645.8935968133491,508.0481417344966
335,8.550003051757812,200.0,0.0,130.0,0.0,423.0,0.0,619.7576133484753,393.227506311639,645.8935968133491,508.0481417344966
336,8.580001831054688,200.0,0.0,131.0,0.0,423.0,0.0,619.7576133484753,393.227506311639,645.8935968133491,508.0481417344966
337,8.600006103515625,200.0,0.0,130.0,0.0,421.0,0.0,619.7576133484753,393.227506311639,645.8935968133491,508.0481417344966
338,8.6300048828125,200.0,0.0,132.0,0.0,425.0,0.0,619.7576133484753,393.227506311639,645.8935968133491,508.0481417344966
339,8.660003662109375,200.0,0.0,131.0,0.0,423.0,0.0,619.7576133484753,393.227506311639,645.8935968133491,508.0481417344966
340,8.680007934570312,200.0,0.0,130.0,0.0,424.0,0.0,619.7576133484753,393.227506311639,645.8935968133491,508.0481417344966
341,8.710006713867188,200.0,0.0,127.0,0.0,422.0,0.0,619.7576133484753,393.227506311639,645.8935968133491,508.0481417344966
342,8.740005493164062,200.0,0.0,132.0,0.0,424.0,0.0,619.7576133484753,393.227506311639,645.8935968133491,508.0481417344966
343,8.770004272460938,200.0,0.0,130.0,0.0,427.0,0.0,619.8022207352781,393.3306828826978,646.7451216041652,508.1100517664972
344,8.790008544921875,200.0,0.0,127.0,0.0,424.0,0.0,619.7449894619159,393.2178231263905,646.7705671615505,508.1094627163643
345,8.82000732421875,200.0,0.0,132.0,0.0,426.0,0.0,619.7449894619159,393.2178231263905,646.7705671615505,508.1094627163643
346,8.850006103515625,200.0,0.0,131.0,0.0,425.0,0.0,619.740080104603,393.25426786973196,646.6610219255368,508.11155735346364
347,8.8699951171875,200.0,0.0,126.0,0.0,424.0,0.0,619.7048459681365,393.2638694064619,645.9217657837779,508.06213748827764
348,8.899993896484375,200.0,0.0,126.0,0.0,425.0,0.0,619.5269797586678,393.2496435339568,645.647504185006,507.9773908711116
349,8.930007934570312,200.0,0.0,131.0,0.0,425.0,0.0,619.4785633049617,393.3150737096453,646.3755718009048,507.9880076336031
350,8.960006713867188,200.0,0.0,128.0,0.0,422.0,0.0,619.4785633049617,393.3150737096453,646.3755718009048,507.9880076336031
351,8.979995727539062,200.0,0.0,126.0,0.0,424.0,0.0,619.4785633049617,393.3150737096453,646.3755718009048,507.9880076336031
352,9.009994506835938,200.0,0.0,131.0,0.0,423.0,0.0,619.4785633049617,393.3150737096453,646.3755718009048,507.9880076336031
353,9.040008544921875,200.0,0.0,128.0,0.0,422.0,0.0,619.4785633049617,393.3150737096453,646.3755718009048,507.9880076336031
354,9.05999755859375,200.0,0.0,127.0,0.0,423.0,0.0,619.4785633049617,393.3150737096453,645.6197394340519,507.96360386753537
355,9.089996337890625,200.0,0.0,129.0,0.0,424.0,0.0,619.4785633049617,393.3150737096453,645.6197394340519,507.96360386753537
356,9.1199951171875,200.0,0.0,129.0,0.0,423.0,0.0,619.5795551298024,393.2132171576258,646.3881145975133,507.97881471258654
357,9.149993896484375,200.0,0.0,127.0,0.0,423.0,0.0,619.5795551298024,393.2132171576258,646.3881145975133,507.97881471258654
358,9.169998168945312,200.0,0.0,129.0,0.0,418.0,0.0,619.5795551298024,393.2132171576258,646.3881145975133,507.97881471258654
359,9.199996948242188,200.0,0.0,130.0,0.0,421.0,0.0,619.5795551298024,393.2132171576258,646.3881145975133,507.97881471258654
360,9.229995727539062,200.0,0.0,127.0,0.0,421.0,0.0,619.5795551298024,393.2132171576258,646.3881145975133,507.97881471258654
361,9.25,200.0,0.0,128.0,0.0,426.0,0.0,619.521830232964,393.3638808079995,645.9972078688506,507.99503446837224
362,9.279998779296875,200.0,0.0,132.0,0.0,424.0,0.0,619.521830232964,393.3638808079995,645.9972078688506,507.99503446837224
363,9.30999755859375,200.0,0.0,127.0,0.0,424.0,0.0,619.5795551298024,393.2132171576258,646.2917870313134,507.9896332267942
364,9.339996337890625,200.0,0.0,126.0,0.0,425.0,0.0,619.5795551298024,393.2132171576258,646.2917870313134,507.9896332267942
365,9.360000610351562,200.0,0.0,131.0,0.0,424.0,0.0,619.5795551298024,393.2132171576258,646.2917870313134,507.9896332267942
366,9.389999389648438,200.0,0.0,131.0,0.0,426.0,0.0,619.5795551298024,393.2132171576258,646.2917870313134,507.9896332267942
367,9.419998168945312,200.0,0.0,127.0,0.0,420.0,0.0,619.5795551298024,393.2132171576258,646.2917870313134,507.9896332267942
368,9.44000244140625,200.0,0.0,130.0,0.0,423.0,0.0,620.023919479662,393.29021966704676,647.2066389368936,508.2088209212185
369,9.470001220703125,200.0,0.0,131.0,0.0,426.0,0.0,620.023919479662,393.29021966704676,647.2066389368936,508.2088209212185
370,9.5,200.0,0.0,129.0,0.0,425.0,0.0,619.9150123597034,393.3142852836242,646.8540616542103,508.23659464528674
371,9.520004272460938,200.0,0.0,129.0,0.0,423.0,0.0,619.9150123597034,393.3142852836242,646.8540616542103,508.23659464528674
372,9.550003051757812,200.0,0.0,132.0,0.0,425.0,0.0,619.9150123597034,393.3142852836242,646.8540616542103,508.23659464528674
373,9.580001831054688,200.0,0.0,129.0,0.0,424.0,0.0,619.9150123597034,393.3142852836242,646.8540616542103,508.23659464528674
374,9.600006103515625,200.0,0.0,128.0,0.0,421.0,0.0,619.9150123597034,393.3142852836242,646.8540616542103,508.23659464528674
375,9.6300048828125,200.0,0.0,131.0,0.0,426.0,0.0,619.9150123597034,393.3142852836242,646.8540616542103,508.23659464528674
376,9.660003662109375,200.0,0.0,131.0,0.0,426.0,0.0,619.9150123597034,393.3142852836242,646.8540616542103,508.23659464528674
377,9.69000244140625,200.0,0.0,126.0,0.0,424.0,0.0,619.9150123597034,393.3142852836242,646.8540616542103,508.23659464528674
378,9.710006713867188,200.0,0.0,131.0,0.0,423.0,0.0,619.9150123597034,393.3142852836242,646.8540616542103,508.23659464528674
379,9.740005493164062,200.0,0.0,131.0,0.0,424.0,0.0,619.9150123597034,393.3142852836242,646.8540616542103,508.23659464528674
380,9.770004272460938,200.0,0.0,128.0,0.0,426.0,0.0,619.9150123597034,393.3142852836242,646.8540616542103,508.23659464528674
381,9.790008544921875,200.0,0.0,130.0,0.0,423.0,0.0,619.9150123597034,393.3142852836242,646.8540616542103,508.23659464528674
382,9.82000732421875,200.0,0.0,131.0,0.0,424.0,0.0,619.9150123597034,393.3142852836242,646.8540616542103,508.23659464528674
383,9.850006103515625,200.0,0.0,128.0,0.0,422.0,0.0,619.9150123597034,393.3142852836242,647.1812405621378,508.20941743694794
384,9.8699951171875,200.0,0.0,129.0,0.0,426.0,0.0,619.9150123597034,393.3142852836242,647.1812405621378,508.20941743694794
385,9.899993896484375,200.0,0.0,132.0,0.0,426.0,0.0,619.9639748548045,393.30283958453595,647.1812405621378,508.20941743694794
386,9.930007934570312,200.0,0.0,130.0,0.0,425.0,0.0,619.9639748548045,393.30283958453595,647.1812405621378,508.20941743694794
387,9.960006713867188,200.0,0.0,127.0,0.0,422.0,0.0,619.9639748548045,393.30283958453595,647.1812405621378,508.20941743694794
388,9.979995727539062,200.0,0.0,131.0,0.0,424.0,0.0,619.5949302405646,393.23572558480845,646.5160415823868,507.9676000875924
389,10.009994506835938,200.0,0.0,131.0,0.0,424.0,0.0,619.5949302405646,393.23572558480845,646.5160415823868,507.9676000875924
390,10.040008544921875,200.0,0.0,127.0,0.0,425.0,0.0,619.5949302405646,393.23572558480845,646.5160415823868,507.9676000875924
391,10.07000732421875,200.0,0.0,131.0,0.0,425.0,0.0,619.5949302405646,393.23572558480845,646.5160415823868,507.9676000875924
392,10.089996337890625,200.0,0.0,131.0,0.0,425.0,0.0,619.5949302405646,393.23572558480845,646.5160415823868,507.9676000875924
393,10.1199951171875,200.0,0.0,129.0,0.0,424.0,0.0,619.5949302405646,393.23572558480845,646.5160415823868,507.9676000875924
394,10.149993896484375,200.0,0.0,127.0,0.0,425.0,0.0,619.5949302405646,393.23572558480845,646.5160415823868,507.9676000875924
395,10.169998168945312,200.0,0.0,131.0,0.0,425.0,0.0,619.5949302405646,393.23572558480845,646.5160415823868,507.9676000875924
396,10.199996948242188,200.0,0.0,129.0,0.0,423.0,0.0,619.5949302405646,393.23572558480845,646.5160415823868,507.9676000875924
397,10.229995727539062,200.0,0.0,127.0,0.0,425.0,0.0,619.5949302405646,393.23572558480845,646.5160415823868,507.9676000875924
398,10.25,200.0,0.0,131.0,0.0,424.0,0.0,619.581107515477,393.23759134078534,646.5288613589937,507.9761757479316
399,10.279998779296875,200.0,0.0,130.0,0.0,424.0,0.0,619.581107515477,393.23759134078534,646.5288613589937,507.9761757479316
400,10.30999755859375,200.0,0.0,127.0,0.0,426.0,0.0,619.581107515477,393.23759134078534,646.5288613589937,507.9761757479316
401,10.339996337890625,200.0,0.0,127.0,0.0,425.0,0.0,619.5641589213146,393.2744315609884,646.473923603111,507.9459662733854
402,10.360000610351562,200.0,0.0,131.0,0.0,424.0,0.0,619.5641589213146,393.2744315609884,646.473923603111,507.9459662733854
403,10.389999389648438,200.0,0.0,127.0,0.0,425.0,0.0,619.5641589213146,393.2744315609884,646.473923603111,507.9459662733854
404,10.419998168945312,200.0,0.0,127.0,0.0,425.0,0.0,619.5641589213146,393.2744315609884,646.473923603111,507.9459662733854
405,10.44000244140625,200.0,0.0,132.0,0.0,425.0,0.0,619.5641589213146,393.2744315609884,646.473923603111,507.9459662733854
406,10.470001220703125,200.0,0.0,129.0,0.0,425.0,0.0,619.581107515477,393.23759134078534,646.5288613589937,507.9761757479316
407,10.5,200.0,0.0,126.0,0.0,425.0,0.0,619.581107515477,393.23759134078534,646.5288613589937,507.9761757479316
408,10.520004272460938,200.0,0.0,129.0,0.0,422.0,0.0,619.581107515477,393.23759134078534,646.5288613589937,507.9761757479316
409,10.550003051757812,200.0,0.0,129.0,0.0,423.0,0.0,619.5243486221019,393.24208780113224,646.5288613589937,507.9761757479316
410,10.580001831054688,200.0,0.0,128.0,0.0,429.0,0.0,619.5243486221019,393.24208780113224,646.5288613589937,507.9761757479316
411,10.600006103515625,200.0,0.0,128.0,0.0,423.0,0.0,619.5467147000373,393.30114456328823,646.5160415823868,507.9676000875924
412,10.6300048828125,200.0,0.0,130.0,0.0,425.0,0.0,619.5467147000373,393.30114456328823,646.5160415823868,507.9676000875924
413,10.660003662109375,200.0,0.0,127.0,0.0,425.0,0.0,619.5467147000373,393.30114456328823,646.5160415823868,507.9676000875924
414,10.69000244140625,200.0,0.0,128.0,0.0,426.0,0.0,619.5467147000373,393.30114456328823,646.5160415823868,507.9676000875924
415,10.710006713867188,200.0,0.0,131.0,0.0,422.0,0.0,619.581107515477,393.23759134078534,646.5414043389711,507.96698958688376
416,10.740005493164062,200.0,0.0,128.0,0.0,426.0,0.0,619.581107515477,393.23759134078534,646.5414043389711,507.96698958688376
417,10.770004272460938,200.0,0.0,126.0,0.0,425.0,0.0,619.581107515477,393.23759134078534,646.5414043389711,507.96698958688376
418,10.790008544921875,200.0,0.0,131.0,0.0,425.0,0.0,619.581107515477,393.23759134078534,646.5414043389711,507.96698958688376
419,10.82000732421875,200.0,0.0,131.0,0.0,425.0,0.0,619.581107515477,393.23759134078534,646.5414043389711,507.96698958688376
420,10.850006103515625,200.0,0.0,126.0,0.0,425.0,0.0,619.5459760490141,393.2471980767651,646.5414043389711,507.96698958688376
421,10.8800048828125,200.0,0.0,129.0,0.0,425.0,0.0,619.5459760490141,393.2471980767651,646.4322154842961,507.96917707530565
422,10.899993896484375,200.0,0.0,132.0,0.0,423.0,0.0,619.5459760490141,393.2471980767651,646.4322154842961,507.96917707530565
423,10.930007934570312,200.0,0.0,128.0,0.0,425.0,0.0,619.6167012317075,393.2382695551255,646.4875506263687,507.9993978921936
424,10.960006713867188,200.0,0.0,128.0,0.0,425.0,0.0,619.5459760490141,393.2471980767651,646.4674002010756,507.69662291503664
425,10.979995727539062,200.0,0.0,131.0,0.0,424.0,0.0,619.581107515477,393.23759134078534,646.5288613589937,507.9761757479316
426,11.009994506835938,200.0,0.0,130.0,0.0,424.0,0.0,619.5993288996187,393.26501913808664,646.4746224614848,507.9908191421719
427,11.040008544921875,200.0,0.0,127.0,0.0,425.0,0.0,619.5993288996187,393.26501913808664,646.4746224614848,507.9908191421719
428,11.07000732421875,200.0,0.0,131.0,0.0,425.0,0.0,619.9973499078478,393.0860892816108,647.3666146923578,508.0444304573808
429,11.089996337890625,200.0,0.0,131.0,0.0,425.0,0.0,619.9973499078478,393.0860892816108,647.3666146923578,508.0444304573808
430,11.1199951171875,200.0,0.0,126.0,0.0,423.0,0.0,619.9924214277651,393.12248706063497,647.4214651804751,508.05691012645616
431,11.149993896484375,200.0,0.0,130.0,0.0,424.0,0.0,619.9924214277651,393.12248706063497,647.3948691995276,508.02848780101783
432,11.169998168945312,200.0,0.0,131.0,0.0,425.0,0.0,619.9924214277651,393.12248706063497,647.3948691995276,508.02848780101783
433,11.199996948242188,200.0,0.0,128.0,0.0,425.0,0.0,619.9973499078478,393.0860892816108,647.434348777556,508.06551329014343
434,11.229995727539062,200.0,0.0,129.0,0.0,426.0,0.0,619.9973499078478,393.0860892816108,647.434348777556,508.06551329014343
435,11.259994506835938,200.0,0.0,131.0,0.0,424.0,0.0,620.0281710752952,393.12300238423484,647.3804609994651,508.0980481059329
436,11.279998779296875,200.0,0.0,130.0,0.0,424.0,0.0,620.0281710752952,393.12300238423484,647.3804609994651,508.0980481059329
437,11.30999755859375,200.0,0.0,128.0,0.0,426.0,0.0,620.0281710752952,393.12300238423484,647.3804609994651,508.0980481059329
438,11.339996337890625,200.0,0.0,132.0,0.0,426.0,0.0,620.0281710752952,393.12300238423484,647.3804609994651,508.0980481059329
439,11.360000610351562,200.0,0.0,130.0,0.0,426.0,0.0,620.0281710752952,393.12300238423484,647.3804609994651,508.0980481059329
440,11.389999389648438,200.0,0.0,127.0,0.0,425.0,0.0,620.0281710752952,393.12300238423484,647.3804609994651,508.0980481059329
441,11.419998168945312,200.0,0.0,131.0,0.0,426.0,0.0,619.9924214277651,393.12248706063497,647.4218034667623,508.0747347092558
442,11.44000244140625,200.0,0.0,131.0,0.0,428.0,0.0,619.9924214277651,393.12248706063497,647.4218034667623,508.0747347092558
443,11.470001220703125,200.0,0.0,128.0,0.0,425.0,0.0,619.9924214277651,393.12248706063497,647.4218034667623,508.0747347092558
444,11.5,200.0,0.0,129.0,0.0,423.0,0.0,619.9924214277651,393.12248706063497,647.4218034667623,508.0747347092558
445,11.520004272460938,200.0,0.0,131.0,0.0,424.0,0.0,619.9924214277651,393.12248706063497,647.4218034667623,508.0747347092558
446,11.550003051757812,200.0,0.0,128.0,0.0,425.0,0.0,620.0624495973369,393.05934933655874,647.4218034667623,508.0747347092558
447,11.580001831054688,200.0,0.0,126.0,0.0,425.0,0.0,620.0624495973369,393.05934933655874,647.4218034667623,508.0747347092558
448,11.610000610351562,200.0,0.0,132.0,0.0,427.0,0.0,619.890003423676,393.15713452637783,647.1645025805651,508.1512780296621
449,11.6300048828125,200.0,0.0,130.0,0.0,425.0,0.0,619.890003423676,393.15713452637783,647.1645025805651,508.1512780296621
450,11.660003662109375,200.0,0.0,127.0,0.0,424.0,0.0,619.890003423676,393.15713452637783,647.1645025805651,508.1512780296621
451,11.69000244140625,200.0,0.0,131.0,0.0,423.0,0.0,619.890003423676,393.15713452637783,647.1645025805651,508.1512780296621
452,11.710006713867188,200.0,0.0,131.0,0.0,426.0,0.0,619.8325330019738,393.2298988867813,647.1422767245273,507.8661483531186
453,11.740005493164062,200.0,0.0,127.0,0.0,428.0,0.0,619.8325330019738,393.2298988867813,647.1422767245273,507.8661483531186
454,11.770004272460938,200.0,0.0,126.0,0.0,424.0,0.0,619.8834512800829,393.2395396245972,647.1648247001855,508.16909535707856
455,11.790008544921875,200.0,0.0,131.0,0.0,425.0,0.0,619.8834512800829,393.2395396245972,647.1648247001855,508.16909535707856
456,11.82000732421875,200.0,0.0,127.0,0.0,427.0,0.0,619.8834512800829,393.2395396245972,647.1648247001855,508.16909535707856
457,11.850006103515625,200.0,0.0,127.0,0.0,426.0,0.0,619.8834512800829,393.2395396245972,647.1648247001855,508.16909535707856
458,11.8800048828125,200.0,0.0,131.0,0.0,427.0,0.0,619.8834512800829,393.2395396245972,647.1648247001855,508.16909535707856
459,11.899993896484375,200.0,0.0,126.0,0.0,424.0,0.0,619.8834512800829,393.2395396245972,647.1648247001855,508.16909535707856
460,11.930007934570312,200.0,0.0,126.0,0.0,422.0,0.0,619.8834512800829,393.2395396245972,647.1648247001855,508.16909535707856
461,11.960006713867188,200.0,0.0,129.0,0.0,424.0,0.0,619.8834512800829,393.2395396245972,647.1648247001855,508.16909535707856
462,11.979995727539062,200.0,0.0,130.0,0.0,427.0,0.0,619.8834512800829,393.2395396245972,647.1648247001855,508.16909535707856
463,12.009994506835938,200.0,0.0,127.0,0.0,426.0,0.0,619.8834512800829,393.2395396245972,647.1648247001855,508.16909535707856
464,12.040008544921875,200.0,0.0,128.0,0.0,428.0,0.0,619.8834512800829,393.2395396245972,647.1648247001855,508.16909535707856
465,12.07000732421875,0.0,0.0,132.0,0.0,426.0,0.0,619.8851858160868,393.1935788367718,646.3842787551343,508.1117141303647
466,12.089996337890625,0.0,0.0,125.0,0.0,426.0,0.0,619.9106743145971,393.18004236184765,644.801236801128,508.0914345263537
467,12.1199951171875,0.0,0.0,124.0,0.0,427.0,0.0,619.9106743145971,393.18004236184765,644.801236801128,508.0914345263537
468,12.139999389648438,0.0,0.0,121.0,0.0,432.0,0.0,619.7966791873982,393.1649791532266,631.1201940007314,507.22988630824847
469,12.169998168945312,0.0,0.0,116.0,0.0,441.0,0.0,619.7966791873982,393.1649791532266,631.1201940007314,507.22988630824847
470,12.19000244140625,0.0,0.0,112.0,0.0,463.0,0.0,619.7966791873982,393.1649791532266,631.1201940007314,507.22988630824847
471,12.210006713867188,0.0,0.0,109.0,0.0,479.0,0.0,619.7966791873982,393.1649791532266,631.1201940007314,507.22988630824847
472,12.240005493164062,0.0,0.0,107.0,0.0,501.0,0.0,619.7966791873982,393.1649791532266,631.1201940007314,507.22988630824847
473,12.259994506835938,0.0,0.0,105.0,0.0,508.0,0.0,619.7966791873982,393.1649791532266,631.1201940007314,507.22988630824847
474,12.290008544921875,0.0,0.0,103.0,0.0,514.0,0.0,619.7966791873982,393.1649791532266,631.1201940007314,507.22988630824847
475,12.32000732421875,0.0,0.0,102.0,0.0,519.0,0.0,619.7966791873982,393.1649791532266,631.1201940007314,507.22988630824847
476,12.339996337890625,0.0,0.0,101.0,0.0,519.0,0.0,619.7966791873982,393.1649791532266,631.1201940007314,507.22988630824847
477,12.3699951171875,0.0,0.0,101.0,0.0,525.0,0.0,619.7966791873982,393.1649791532266,631.1201940007314,507.22988630824847
478,12.389999389648438,0.0,0.0,101.0,0.0,531.0,0.0,619.7966791873982,393.1649791532266,631.1201940007314,507.22988630824847
479,12.419998168945312,0.0,0.0,100.0,0.0,534.0,0.0,619.7966791873982,393.1649791532266,631.1201940007314,507.22988630824847
480,12.44000244140625,0.0,0.0,101.0,0.0,536.0,0.0,619.7966791873982,393.1649791532266,631.1201940007314,507.22988630824847
481,12.460006713867188,0.0,0.0,101.0,0.0,535.0,0.0,619.7966791873982,393.1649791532266,631.1201940007314,507.22988630824847
482,12.490005493164062,0.0,0.0,101.0,0.0,538.0,0.0,619.7966791873982,393.1649791532266,631.1201940007314,507.22988630824847
483,12.509994506835938,0.0,0.0,100.0,0.0,536.0,0.0,619.7966791873982,393.1649791532266,631.1201940007314,507.22988630824847
484,12.540008544921875,0.0,0.0,101.0,0.0,540.0,0.0,619.8659690757062,393.26643932131566,619.3065694827108,504.81509570351955
485,12.57000732421875,0.0,0.0,100.0,0.0,541.0,0.0,619.8851858160868,393.1935788367718,620.6852753661816,504.9221341267612
486,12.589996337890625,0.0,0.0,101.0,0.0,540.0,0.0,619.9026344077872,393.16681954295717,621.4031535375552,505.1062052458348
487,12.610000610351562,0.0,0.0,101.0,0.0,540.0,0.0,619.9026344077872,393.16681954295717,621.4031535375552,505.1062052458348
488,12.639999389648438,0.0,0.0,101.0,0.0,540.0,0.0,619.9026344077872,393.16681954295717,621.4031535375552,505.1062052458348
489,12.669998168945312,0.0,0.0,101.0,0.0,542.0,0.0,619.9026344077872,393.16681954295717,621.4031535375552,505.1062052458348
490,12.69000244140625,0.0,0.0,101.0,0.0,542.0,0.0,619.9026344077872,393.16681954295717,621.4031535375552,505.1062052458348
491,12.710006713867188,0.0,0.0,101.0,0.0,543.0,0.0,619.8325330019738,393.2298988867813,619.3348946314677,504.79936542285327
492,12.740005493164062,0.0,0.0,101.0,0.0,543.0,0.0,619.8325330019738,393.2298988867813,619.3348946314677,504.79936542285327
493,12.759994506835938,0.0,0.0,101.0,0.0,542.0,0.0,619.8325330019738,393.2298988867813,619.3348946314677,504.79936542285327
494,12.790008544921875,0.0,0.0,101.0,0.0,542.0,0.0,619.8152225933479,393.1733004613317,621.1616353619042,504.9304864192651
495,12.80999755859375,0.0,0.0,100.0,0.0,544.0,0.0,619.8152225933479,393.1733004613317,621.1616353619042,504.9304864192651
496,12.839996337890625,0.0,0.0,101.0,0.0,546.0,0.0,619.8152225933479,393.1733004613317,621.1616353619042,504.9304864192651
497,12.860000610351562,0.0,0.0,102.0,0.0,544.0,0.0,619.8152225933479,393.1733004613317,621.1616353619042,504.9304864192651
498,12.889999389648438,0.0,0.0,101.0,0.0,546.0,0.0,619.8152225933479,393.1733004613317,621.1616353619042,504.9304864192651
499,12.910003662109375,0.0,0.0,101.0,0.0,546.0,0.0,619.7966791873982,393.1649791532266,620.9759017017172,504.8876378925885
500,12.94000244140625,0.0,0.0,101.0,0.0,547.0,0.0,619.8808609040816,393.16445733567537,621.1880644931954,504.9721877318472
501,12.960006713867188,0.0,0.0,100.0,0.0,544.0,0.0,619.8862990379032,393.2634555773886,621.0796980769121,504.9201759827204
502,12.990005493164062,0.0,0.0,101.0,0.0,545.0,0.0,619.8851858160868,393.1935788367718,619.7799195592701,504.8888427246952
503,13.009994506835938,0.0,0.0,100.0,0.0,544.0,0.0,619.8851858160868,393.1935788367718,619.7799195592701,504.8888427246952
504,13.040008544921875,0.0,0.0,101.0,0.0,545.0,0.0,619.9117520860643,393.2790967750756,619.4383050562608,504.823169171916
505,13.05999755859375,0.0,0.0,101.0,0.0,544.0,0.0,619.9117520860643,393.2790967750756,619.4383050562608,504.823169171916
506,13.089996337890625,0.0,0.0,101.0,0.0,547.0,0.0,619.9034982366453,393.2210367462814,621.1478379081472,504.93881181916
507,13.110000610351562,0.0,0.0,101.0,0.0,546.0,0.0,619.9034982366453,393.2210367462814,621.1478379081472,504.93881181916
508,13.139999389648438,0.0,0.0,101.0,0.0,544.0,0.0,619.7851824088418,393.2548261077104,621.064120704748,504.87414283479205
509,13.160003662109375,0.0,0.0,101.0,0.0,546.0,0.0,619.7851824088418,393.2548261077104,621.064120704748,504.87414283479205
510,13.19000244140625,0.0,0.0,101.0,0.0,546.0,0.0,619.7851824088418,393.2548261077104,621.064120704748,504.87414283479205
511,13.210006713867188,0.0,0.0,101.0,0.0,548.0,0.0,619.7851824088418,393.2548261077104,621.064120704748,504.87414283479205
512,13.240005493164062,0.0,0.0,101.0,0.0,545.0,0.0,619.7851824088418,393.2548261077104,621.064120704748,504.87414283479205
513,13.259994506835938,0.0,0.0,101.0,0.0,547.0,0.0,619.7351826814232,393.29039413391416,621.0254724076697,504.8200676508889
514,13.290008544921875,0.0,0.0,100.0,0.0,545.0,0.0,619.7351826814232,393.29039413391416,621.0254724076697,504.8200676508889
515,13.30999755859375,0.0,0.0,101.0,0.0,549.0,0.0,619.7318185499116,393.236990442803,620.5507193176624,504.86640243695626
516,13.339996337890625,0.0,0.0,101.0,0.0,547.0,0.0,619.7843024391673,393.2006615299846,619.3705905772448,504.7714921818083
517,13.360000610351562,0.0,0.0,101.0,0.0,546.0,0.0,619.7843024391673,393.2006615299846,619.3705905772448,504.7714921818083
518,13.389999389648438,0.0,0.0,101.0,0.0,544.0,0.0,619.7851824088418,393.2548261077104,620.6082462913699,504.81232566299036
519,13.410003662109375,0.0,0.0,101.0,0.0,547.0,0.0,619.7851824088418,393.2548261077104,620.6082462913699,504.81232566299036
520,13.44000244140625,0.0,0.0,101.0,0.0,544.0,0.0,619.7851824088418,393.2548261077104,620.6082462913699,504.81232566299036
521,13.460006713867188,0.0,0.0,101.0,0.0,546.0,0.0,619.7851824088418,393.2548261077104,620.6082462913699,504.81232566299036
522,13.490005493164062,0.0,0.0,100.0,0.0,546.0,0.0,619.7851824088418,393.2548261077104,620.6082462913699,504.81232566299036
523,13.509994506835938,0.0,0.0,101.0,0.0,547.0,0.0,619.7851824088418,393.2548261077104,620.6082462913699,504.81232566299036
524,13.540008544921875,0.0,0.0,101.0,0.0,547.0,0.0,619.7851824088418,393.2548261077104,620.6082462913699,504.81232566299036
525,13.55999755859375,0.0,0.0,101.0,0.0,544.0,0.0,619.7851824088418,393.2548261077104,620.6082462913699,504.81232566299036
526,13.589996337890625,0.0,0.0,101.0,0.0,548.0,0.0,619.7851824088418,393.2548261077104,620.6082462913699,504.81232566299036
527,13.610000610351562,0.0,0.0,101.0,0.0,548.0,0.0,619.7851824088418,393.2548261077104,620.6082462913699,504.81232566299036
528,13.639999389648438,0.0,0.0,101.0,0.0,547.0,0.0,619.5470713966855,393.2065469922153,620.2091113978794,504.61943107033665
529,13.660003662109375,0.0,0.0,101.0,0.0,547.0,0.0,619.5470713966855,393.2065469922153,620.2091113978794,504.61943107033665
530,13.69000244140625,0.0,0.0,101.0,0.0,545.0,0.0,619.5426486240895,393.17727401097886,619.2617037987968,504.6077916777636
531,13.710006713867188,0.0,0.0,101.0,0.0,547.0,0.0,619.5426486240895,393.17727401097886,619.2617037987968,504.6077916777636
532,13.740005493164062,0.0,0.0,101.0,0.0,546.0,0.0,619.4938054344982,393.18876178913655,620.1516345886897,504.673450585178
533,13.759994506835938,0.0,0.0,101.0,0.0,548.0,0.0,619.4938054344982,393.18876178913655,620.1516345886897,504.673450585178
534,13.790008544921875,0.0,0.0,101.0,0.0,545.0,0.0,619.4938054344982,393.18876178913655,620.1516345886897,504.673450585178
535,13.80999755859375,0.0,0.0,101.0,0.0,548.0,0.0,619.4813382964556,393.1791218893502,619.9935914454398,504.59975139118836
536,13.839996337890625,0.0,0.0,101.0,0.0,546.0,0.0,619.4938054344982,393.18876178913655,618.9747707434082,504.55867983616423
537,13.860000610351562,0.0,0.0,101.0,0.0,548.0,0.0,619.4938054344982,393.18876178913655,618.9747707434082,504.55867983616423
538,13.889999389648438,0.0,0.0,101.0,0.0,548.0,0.0,619.4938054344982,393.18876178913655,618.9747707434082,504.55867983616423
539,13.910003662109375,0.0,0.0,101.0,0.0,549.0,0.0,619.4938054344982,393.18876178913655,618.9747707434082,504.55867983616423
540,13.94000244140625,0.0,0.0,101.0,0.0,546.0,0.0,619.4938054344982,393.18876178913655,618.9747707434082,504.55867983616423
541,13.960006713867188,0.0,0.0,101.0,0.0,546.0,0.0,619.4938054344982,393.18876178913655,618.9747707434082,504.55867983616423
542,13.990005493164062,0.0,0.0,101.0,0.0,544.0,0.0,619.4938054344982,393.18876178913655,618.9747707434082,504.55867983616423
543,14.009994506835938,0.0,0.0,101.0,0.0,548.0,0.0,619.4938054344982,393.18876178913655,618.9747707434082,504.55867983616423
544,14.040008544921875,0.0,0.0,101.0,0.0,550.0,0.0,619.4938054344982,393.18876178913655,618.9747707434082,504.55867983616423
545,14.05999755859375,0.0,0.0,101.0,0.0,546.0,0.0,619.4938054344982,393.18876178913655,618.9747707434082,504.55867983616423
546,14.089996337890625,0.0,0.0,101.0,0.0,546.0,0.0,619.4938054344982,393.18876178913655,618.9747707434082,504.55867983616423
547,14.110000610351562,0.0,0.0,100.0,0.0,547.0,0.0,619.4938054344982,393.18876178913655,618.9747707434082,504.55867983616423
548,14.139999389648438,0.0,0.0,101.0,0.0,546.0,0.0,619.4938054344982,393.18876178913655,618.9747707434082,504.55867983616423
549,14.160003662109375,0.0,0.0,101.0,0.0,549.0,0.0,619.4938054344982,393.18876178913655,618.9747707434082,504.55867983616423
550,14.19000244140625,0.0,0.0,101.0,0.0,546.0,0.0,619.4938054344982,393.18876178913655,618.9747707434082,504.55867983616423
551,14.210006713867188,0.0,0.0,101.0,0.0,548.0,0.0,619.5163904955577,393.16482758059595,619.6754171762776,504.5659336275198
552,14.240005493164062,0.0,0.0,101.0,0.0,545.0,0.0,619.5163904955577,393.16482758059595,619.6754171762776,504.5659336275198
553,14.259994506835938,0.0,0.0,101.0,0.0,547.0,0.0,619.5288557010578,393.1791449519394,619.3724590229363,504.6329173354953
554,14.290008544921875,0.0,0.0,101.0,0.0,547.0,0.0,619.5288557010578,393.1791449519394,619.3724590229363,504.6329173354953
555,14.290008544921875,0.0,0.0,101.0,0.0,547.0,0.0,619.5288557010578,393.1791449519394,619.3724590229363,504.6329173354953
556,14.360000610351562,0.0,0.0,101.0,0.0,546.0,0.0,619.4938054344982,393.18876178913655,619.7133212856327,504.60051299304433
557,14.389999389648438,0.0,0.0,101.0,0.0,547.0,0.0,619.4938054344982,393.18876178913655,619.7133212856327,504.60051299304433
558,14.410003662109375,0.0,0.0,100.0,0.0,547.0,0.0,619.4938054344982,393.18876178913655,619.7133212856327,504.60051299304433
559,14.44000244140625,0.0,0.0,101.0,0.0,547.0,0.0,619.4938054344982,393.18876178913655,619.7133212856327,504.60051299304433
560,14.460006713867188,0.0,0.0,101.0,0.0,546.0,0.0,619.4938054344982,393.18876178913655,619.7133212856327,504.60051299304433
561,14.490005493164062,0.0,0.0,101.0,0.0,548.0,0.0,619.4938054344982,393.18876178913655,619.7133212856327,504.60051299304433
562,14.509994506835938,0.0,0.0,101.0,0.0,548.0,0.0,619.4938054344982,393.18876178913655,619.7133212856327,504.60051299304433
563,14.540008544921875,0.0,0.0,101.0,0.0,546.0,0.0,619.4938054344982,393.18876178913655,619.7133212856327,504.60051299304433
564,14.55999755859375,0.0,0.0,101.0,0.0,547.0,0.0,619.4938054344982,393.18876178913655,619.7133212856327,504.60051299304433
565,14.589996337890625,0.0,0.0,100.0,0.0,549.0,0.0,619.4938054344982,393.18876178913655,619.7133212856327,504.60051299304433
566,14.610000610351562,0.0,0.0,101.0,0.0,550.0,0.0,619.4938054344982,393.18876178913655,619.7133212856327,504.60051299304433
567,14.639999389648438,0.0,0.0,100.0,0.0,549.0,0.0,619.4938054344982,393.18876178913655,619.7133212856327,504.60051299304433
568,14.660003662109375,0.0,0.0,101.0,0.0,545.0,0.0,619.9521756555292,393.29931465080443,620.3893994276485,505.0366449853763
569,14.69000244140625,0.0,0.0,101.0,0.0,546.0,0.0,619.9521756555292,393.29931465080443,620.3893994276485,505.0366449853763
570,14.710006713867188,0.0,0.0,101.0,0.0,545.0,0.0,619.9521756555292,393.29931465080443,620.3893994276485,505.0366449853763
571,14.740005493164062,0.0,0.0,101.0,0.0,547.0,0.0,619.9521756555292,393.29931465080443,620.3893994276485,505.0366449853763
572,14.759994506835938,0.0,0.0,101.0,0.0,546.0,0.0,619.9521756555292,393.29931465080443,620.3893994276485,505.0366449853763
573,14.790008544921875,0.0,0.0,101.0,0.0,548.0,0.0,619.9521756555292,393.29931465080443,620.3893994276485,505.0366449853763
574,14.80999755859375,0.0,0.0,101.0,0.0,549.0,0.0,620.0273311647461,393.2389304571377,619.9844116645437,505.0329817103378
575,14.839996337890625,0.0,0.0,100.0,0.0,548.0,0.0,620.0273311647461,393.2389304571377,619.9844116645437,505.0329817103378
576,14.860000610351562,0.0,0.0,101.0,0.0,547.0,0.0,620.0273311647461,393.2389304571377,619.9844116645437,505.0329817103378
577,14.889999389648438,0.0,0.0,101.0,0.0,548.0,0.0,620.0536234430259,393.25159599972096,620.3512776877687,505.0018811579769
578,14.910003662109375,0.0,0.0,101.0,0.0,548.0,0.0,619.9521756555292,393.29931465080443,620.3893994276485,505.0366449853763
579,14.94000244140625,0.0,0.0,101.0,0.0,547.0,0.0,619.9521756555292,393.29931465080443,620.3893994276485,505.0366449853763
580,14.960006713867188,0.0,0.0,101.0,0.0,544.0,0.0,620.0047259045937,393.2629290273427,619.7389825078154,505.0444842352852
581,14.990005493164062,0.0,0.0,101.0,0.0,544.0,0.0,619.9873117077544,393.2897060959922,619.9800603491767,505.0206839493342
582,15.009994506835938,0.0,0.0,101.0,0.0,545.0,0.0,619.9655393913387,393.28452757747806,619.7292218557797,504.99734132871595
583,15.040008544921875,0.0,0.0,101.0,0.0,546.0,0.0,619.9655393913387,393.28452757747806,619.7292218557797,504.99734132871595
584,15.05999755859375,0.0,0.0,101.0,0.0,547.0,0.0,619.9509257819307,393.22471339277644,620.3235978982129,505.0203153981595
585,15.089996337890625,0.0,0.0,101.0,0.0,547.0,0.0,619.9509257819307,393.22471339277644,620.3235978982129,505.0203153981595
586,15.110000610351562,0.0,0.0,101.0,0.0,546.0,0.0,619.9509257819307,393.22471339277644,620.3235978982129,505.0203153981595
587,15.1300048828125,0.0,0.0,101.0,0.0,547.0,0.0,619.9509257819307,393.22471339277644,620.3235978982129,505.0203153981595
588,15.160003662109375,0.0,0.0,100.0,0.0,546.0,0.0,619.8250225130649,393.26614416994664,619.5201066225268,504.7724975825776
589,15.19000244140625,0.0,0.0,101.0,0.0,545.0,0.0,619.8250225130649,393.26614416994664,619.5201066225268,504.7724975825776
590,15.210006713867188,0.0,0.0,101.0,0.0,546.0,0.0,619.8250225130649,393.26614416994664,619.5201066225268,504.7724975825776
591,15.240005493164062,0.0,0.0,101.0,0.0,546.0,0.0,619.8250225130649,393.26614416994664,619.5201066225268,504.7724975825776
592,15.259994506835938,0.0,0.0,101.0,0.0,546.0,0.0,619.8250225130649,393.26614416994664,619.5201066225268,504.7724975825776
593,15.290008544921875,0.0,0.0,101.0,0.0,549.0,0.0,619.8250225130649,393.26614416994664,619.5201066225268,504.7724975825776
594,15.30999755859375,0.0,0.0,100.0,0.0,547.0,0.0,619.8250225130649,393.26614416994664,619.5201066225268,504.7724975825776
595,15.339996337890625,0.0,0.0,101.0,0.0,547.0,0.0,619.8250225130649,393.26614416994664,619.5201066225268,504.7724975825776
596,15.360000610351562,0.0,0.0,100.0,0.0,549.0,0.0,619.8250225130649,393.26614416994664,619.5201066225268,504.7724975825776
597,15.3800048828125,0.0,0.0,101.0,0.0,547.0,0.0,619.8250225130649,393.26614416994664,619.5201066225268,504.7724975825776
598,15.410003662109375,0.0,0.0,101.0,0.0,545.0,0.0,619.8250225130649,393.26614416994664,619.5201066225268,504.7724975825776
599,15.44000244140625,0.0,0.0,101.0,0.0,546.0,0.0,619.8250225130649,393.26614416994664,619.5201066225268,504.7724975825776
600,15.460006713867188,0.0,0.0,101.0,0.0,547.0,0.0,619.8250225130649,393.26614416994664,619.5201066225268,504.7724975825776
601,15.479995727539062,0.0,0.0,101.0,0.0,546.0,0.0,619.8250225130649,393.26614416994664,619.5201066225268,504.7724975825776
602,15.509994506835938,0.0,0.0,101.0,0.0,548.0,0.0,619.8250225130649,393.26614416994664,619.5201066225268,504.7724975825776
603,15.540008544921875,0.0,0.0,101.0,0.0,547.0,0.0,619.8250225130649,393.26614416994664,619.5201066225268,504.7724975825776
604,15.55999755859375,0.0,0.0,101.0,0.0,543.0,0.0,619.8250225130649,393.26614416994664,619.5201066225268,504.7724975825776
605,15.589996337890625,0.0,0.0,102.0,0.0,547.0,0.0,619.8250225130649,393.26614416994664,619.5201066225268,504.7724975825776
606,15.610000610351562,0.0,0.0,101.0,0.0,548.0,0.0,619.8250225130649,393.26614416994664,619.5201066225268,504.7724975825776
607,15.6300048828125,0.0,0.0,101.0,0.0,548.0,0.0,619.6878709547315,393.2505712682879,619.1693701684684,504.76630948137245
608,15.660003662109375,0.0,0.0,101.0,0.0,548.0,0.0,619.2633078336979,393.04669188418416,619.0655406225302,504.1350387727085
609,15.680007934570312,0.0,0.0,101.0,0.0,545.0,0.0,619.2633078336979,393.04669188418416,619.0655406225302,504.1350387727085
610,15.710006713867188,0.0,0.0,101.0,0.0,546.0,0.0,619.2633078336979,393.04669188418416,619.0655406225302,504.1350387727085
611,15.729995727539062,0.0,0.0,101.0,0.0,546.0,0.0,619.2633078336979,393.04669188418416,619.0527589317987,504.1791850794886
612,15.759994506835938,0.0,0.0,102.0,0.0,545.0,0.0,619.2807859626101,393.0200009752454,618.435860431523,504.18455874293704
613,15.790008544921875,0.0,0.0,101.0,0.0,546.0,0.0,619.2807859626101,393.0200009752454,618.435860431523,504.18455874293704
614,15.80999755859375,0.0,0.0,101.0,0.0,548.0,0.0,619.2807859626101,393.0200009752454,618.435860431523,504.18455874293704
615,15.839996337890625,0.0,0.0,101.0,0.0,550.0,0.0,619.2807859626101,393.0200009752454,618.435860431523,504.18455874293704
616,15.860000610351562,0.0,0.0,101.0,0.0,547.0,0.0,619.2807859626101,393.0200009752454,618.435860431523,504.18455874293704
617,15.8800048828125,0.0,0.0,101.0,0.0,548.0,0.0,619.2807859626101,393.0200009752454,618.435860431523,504.18455874293704
618,15.910003662109375,0.0,0.0,101.0,0.0,545.0,0.0,619.2807859626101,393.0200009752454,618.435860431523,504.18455874293704
619,15.930007934570312,0.0,0.0,101.0,0.0,548.0,0.0,619.2988186509368,393.04734496623587,618.7401934002321,504.22047038767937
620,15.960006713867188,0.0,0.0,101.0,0.0,546.0,0.0,619.2988186509368,393.04734496623587,618.7401934002321,504.22047038767937
621,15.979995727539062,0.0,0.0,101.0,0.0,545.0,0.0,619.2988186509368,393.04734496623587,618.7401934002321,504.22047038767937
622,16.009994506835938,0.0,0.0,101.0,0.0,546.0,0.0,619.2988186509368,393.04734496623587,618.7401934002321,504.22047038767937
623,16.040008544921875,0.0,0.0,100.0,0.0,544.0,0.0,619.2633078336979,393.04669188418416,618.7398786196103,504.194454072932
624,16.05999755859375,0.0,0.0,101.0,0.0,545.0,0.0,619.2633078336979,393.04669188418416,618.7398786196103,504.194454072932
625,16.080001831054688,0.0,0.0,101.0,0.0,545.0,0.0,619.2633078336979,393.04669188418416,618.7398786196103,504.194454072932
626,16.110000610351562,0.0,0.0,101.0,0.0,546.0,0.0,619.2633078336979,393.04669188418416,618.7398786196103,504.194454072932
627,16.1300048828125,0.0,0.0,101.0,0.0,547.0,0.0,619.2633078336979,393.04669188418416,618.7398786196103,504.194454072932
628,16.160003662109375,0.0,0.0,101.0,0.0,546.0,0.0,619.6335101792462,393.31471297717246,619.309600575121,504.9190483688264
629,16.180007934570312,0.0,0.0,101.0,0.0,547.0,0.0,619.6335101792462,393.31471297717246,619.309600575121,504.9190483688264
630,16.210006713867188,0.0,0.0,101.0,0.0,550.0,0.0,619.6335101792462,393.31471297717246,619.309600575121,504.9190483688264
631,16.229995727539062,0.0,0.0,101.0,0.0,548.0,0.0,619.6335101792462,393.31471297717246,619.309600575121,504.9190483688264
632,16.259994506835938,0.0,0.0,101.0,0.0,547.0,0.0,619.6335101792462,393.31471297717246,619.309600575121,504.9190483688264
633,16.279998779296875,0.0,0.0,101.0,0.0,547.0,0.0,619.6335101792462,393.31471297717246,619.309600575121,504.9190483688264
634,16.30999755859375,0.0,0.0,100.0,0.0,548.0,0.0,619.6335101792462,393.31471297717246,619.309600575121,504.9190483688264
635,16.330001831054688,0.0,0.0,101.0,0.0,547.0,0.0,619.6335101792462,393.31471297717246,619.309600575121,504.9190483688264
636,16.360000610351562,0.0,0.0,100.0,0.0,547.0,0.0,619.6335101792462,393.31471297717246,619.309600575121,504.9190483688264
637,16.3800048828125,0.0,0.0,101.0,0.0,547.0,0.0,619.6335101792462,393.31471297717246,619.309600575121,504.9190483688264
638,16.410003662109375,0.0,0.0,101.0,0.0,547.0,0.0,619.6335101792462,393.31471297717246,619.309600575121,504.9190483688264
639,16.430007934570312,0.0,0.0,101.0,0.0,549.0,0.0,619.6335101792462,393.31471297717246,619.309600575121,504.9190483688264
640,16.460006713867188,0.0,0.0,101.0,0.0,549.0,0.0,619.5807903571693,393.351044372477,619.0293029331189,504.9106140484753
641,16.479995727539062,0.0,0.0,101.0,0.0,548.0,0.0,619.5807903571693,393.351044372477,619.0293029331189,504.9106140484753
642,16.509994506835938,0.0,0.0,101.0,0.0,549.0,0.0,619.5807903571693,393.351044372477,619.0293029331189,504.9106140484753
643,16.529998779296875,0.0,0.0,101.0,0.0,545.0,0.0,619.5807903571693,393.351044372477,619.0293029331189,504.9106140484753
644,16.55999755859375,0.0,0.0,101.0,0.0,546.0,0.0,619.5807903571693,393.351044372477,619.0293029331189,504.9106140484753
645,16.580001831054688,0.0,0.0,101.0,0.0,548.0,0.0,619.5807903571693,393.351044372477,619.0293029331189,504.9106140484753
646,16.610000610351562,0.0,0.0,101.0,0.0,548.0,0.0,619.5807903571693,393.351044372477,619.0293029331189,504.9106140484753
647,16.6300048828125,0.0,0.0,101.0,0.0,547.0,0.0,619.5807903571693,393.351044372477,619.0293029331189,504.9106140484753
648,16.660003662109375,0.0,0.0,101.0,0.0,545.0,0.0,619.4539934396344,393.2287199802975,618.7848120556803,504.4339855637394
649,16.680007934570312,0.0,0.0,101.0,0.0,547.0,0.0,619.4539934396344,393.2287199802975,618.7848120556803,504.4339855637394
650,16.710006713867188,0.0,0.0,101.0,0.0,547.0,0.0,619.4539934396344,393.2287199802975,618.7848120556803,504.4339855637394
651,16.729995727539062,0.0,0.0,100.0,0.0,547.0,0.0,619.4539934396344,393.2287199802975,618.7848120556803,504.4339855637394
652,16.759994506835938,0.0,0.0,101.0,0.0,548.0,0.0,619.545871429467,393.2654464401236,619.0389079342824,504.4312762298191
653,16.779998779296875,0.0,0.0,101.0,0.0,549.0,0.0,619.545871429467,393.2654464401236,619.0389079342824,504.4312762298191
654,16.80999755859375,0.0,0.0,101.0,0.0,547.0,0.0,619.545871429467,393.2654464401236,619.0389079342824,504.4312762298191
655,16.830001831054688,0.0,0.0,100.0,0.0,547.0,0.0,619.545871429467,393.2654464401236,619.0389079342824,504.4312762298191
656,16.860000610351562,0.0,0.0,101.0,0.0,547.0,0.0,619.545871429467,393.2654464401236,619.0389079342824,504.4312762298191
657,16.8800048828125,0.0,0.0,101.0,0.0,547.0,0.0,619.545871429467,393.2654464401236,619.0389079342824,504.4312762298191
658,16.910003662109375,0.0,0.0,101.0,0.0,547.0,0.0,619.545871429467,393.2654464401236,619.0389079342824,504.4312762298191
659,16.930007934570312,0.0,0.0,101.0,0.0,547.0,0.0,619.5247269227436,393.21981609302117,618.7455554928864,504.4272781493914
660,16.960006713867188,0.0,0.0,100.0,0.0,547.0,0.0,619.5023385519524,393.16339439910075,618.7333433433756,504.41566283829366
661,16.979995727539062,0.0,0.0,101.0,0.0,546.0,0.0,619.5023385519524,393.16339439910075,618.7333433433756,504.41566283829366
662,17.009994506835938,0.0,0.0,101.0,0.0,548.0,0.0,619.5548346629108,393.12702645987054,618.717679917284,504.3868496481713
663,17.029998779296875,0.0,0.0,101.0,0.0,547.0,0.0,619.4539934396344,393.2287199802975,619.02610265087,504.440677316754
664,17.05999755859375,0.0,0.0,101.0,0.0,548.0,0.0,619.5738403051085,393.2329771209712,619.0815138408205,504.4414313453041
665,17.080001831054688,0.0,0.0,101.0,0.0,548.0,0.0,619.5738403051085,393.2329771209712,619.0815138408205,504.4414313453041
666,17.110000610351562,0.0,0.0,101.0,0.0,544.0,0.0,619.522825190276,393.2654729774131,618.7590431482614,504.40950430564885
667,17.1300048828125,0.0,0.0,101.0,0.0,546.0,0.0,619.4721913388366,393.25590227299125,618.7455554928864,504.4272781493914
668,17.160003662109375,0.0,0.0,101.0,0.0,546.0,0.0,619.9378943574715,393.21703732934026,619.5165651770626,504.8309367175069
669,17.180007934570312,0.0,0.0,101.0,0.0,547.0,0.0,619.9378943574715,393.21703732934026,619.5165651770626,504.8309367175069
670,17.210006713867188,0.0,0.0,101.0,0.0,546.0,0.0,620.0392367667434,393.192827378945,619.4873720455447,504.81719652458276
671,17.229995727539062,0.0,0.0,101.0,0.0,548.0,0.0,620.0392367667434,393.192827378945,619.4873720455447,504.81719652458276
672,17.259994506835938,0.0,0.0,101.0,0.0,543.0,0.0,620.0392367667434,393.192827378945,619.4873720455447,504.81719652458276
673,17.279998779296875,0.0,0.0,101.0,0.0,547.0,0.0,619.9736697486094,393.217560257018,619.5007416832284,504.80196485715965
674,17.30999755859375,0.0,0.0,101.0,0.0,547.0,0.0,619.9736697486094,393.217560257018,619.5007416832284,504.80196485715965
675,17.330001831054688,0.0,0.0,101.0,0.0,548.0,0.0,619.9736697486094,393.217560257018,619.5007416832284,504.80196485715965
676,17.360000610351562,0.0,0.0,101.0,0.0,546.0,0.0,619.9736697486094,393.217560257018,619.5007416832284,504.80196485715965
677,17.3800048828125,0.0,0.0,101.0,0.0,548.0,0.0,619.9736697486094,393.217560257018,619.5555087215125,504.85901755634427
678,17.410003662109375,0.0,0.0,101.0,0.0,547.0,0.0,619.9736697486094,393.217560257018,619.5555087215125,504.85901755634427
679,17.430007934570312,0.0,0.0,101.0,0.0,547.0,0.0,619.9736697486094,393.217560257018,619.5555087215125,504.85901755634427
680,17.460006713867188,0.0,0.0,101.0,0.0,547.0,0.0,619.9736697486094,393.217560257018,619.5555087215125,504.85901755634427
681,17.479995727539062,0.0,0.0,101.0,0.0,549.0,0.0,619.9562414565131,393.24430214720246,619.4873720455447,504.81719652458276
682,17.509994506835938,0.0,0.0,101.0,0.0,547.0,0.0,619.9562414565131,393.24430214720246,619.4873720455447,504.81719652458276
683,17.529998779296875,0.0,0.0,101.0,0.0,545.0,0.0,619.9562414565131,393.24430214720246,619.4873720455447,504.81719652458276
684,17.55999755859375,0.0,0.0,100.0,0.0,546.0,0.0,619.9562414565131,393.24430214720246,619.4873720455447,504.81719652458276
685,17.580001831054688,0.0,0.0,100.0,0.0,547.0,0.0,619.9562414565131,393.24430214720246,619.4873720455447,504.81719652458276
686,17.610000610351562,0.0,0.0,101.0,0.0,548.0,0.0,619.9979884183149,393.1398672577921,619.5007416832284,504.80196485715965
687,17.6300048828125,0.0,0.0,101.0,0.0,548.0,0.0,619.9979884183149,393.1398672577921,619.5007416832284,504.80196485715965
688,17.660003662109375,0.0,0.0,101.0,0.0,549.0,0.0,619.6665749815179,393.2461469403482,619.014257402194,504.68678582723203
689,17.680007934570312,0.0,0.0,101.0,0.0,548.0,0.0,619.6665749815179,393.2461469403482,619.014257402194,504.68678582723203
690,17.710006713867188,0.0,0.0,101.0,0.0,547.0,0.0,619.6665749815179,393.2461469403482,619.014257402194,504.68678582723203
691,17.729995727539062,0.0,0.0,101.0,0.0,545.0,0.0,619.6665749815179,393.2461469403482,619.014257402194,504.68678582723203
692,17.759994506835938,0.0,0.0,101.0,0.0,546.0,0.0,619.6665749815179,393.2461469403482,619.014257402194,504.68678582723203
693,17.779998779296875,0.0,0.0,101.0,0.0,547.0,0.0,619.7028987148627,393.3357995544185,619.3519114274261,504.72925040387605
694,17.80999755859375,0.0,0.0,100.0,0.0,548.0,0.0,619.6765888244373,393.2601686126299,618.997461834165,504.68480825517594
695,17.830001831054688,0.0,0.0,101.0,0.0,545.0,0.0,619.6765888244373,393.2601686126299,618.997461834165,504.68480825517594
696,17.860000610351562,0.0,0.0,101.0,0.0,546.0,0.0,619.6729470149805,393.28504479985304,619.0009062800423,504.7019755105415
697,17.8800048828125,0.0,0.0,101.0,0.0,548.0,0.0,619.6729470149805,393.28504479985304,619.0009062800423,504.7019755105415
698,17.910003662109375,0.0,0.0,100.0,0.0,544.0,0.0,619.6729470149805,393.28504479985304,619.0009062800423,504.7019755105415
699,17.930007934570312,0.0,0.0,101.0,0.0,547.0,0.0,619.6729470149805,393.28504479985304,619.0009062800423,504.7019755105415
700,17.960006713867188,0.0,0.0,101.0,0.0,548.0,0.0,619.6729470149805,393.28504479985304,619.0009062800423,504.7019755105415
